
0it [00:00, ?it/s]
1it [00:04,  4.74s/it]
2it [00:09,  4.47s/it]
3it [00:13,  4.34s/it]
4it [00:17,  4.26s/it]
5it [00:21,  4.25s/it]
6it [00:25,  4.21s/it]
7it [00:29,  4.19s/it]
8it [00:33,  4.17s/it]
9it [00:38,  4.18s/it]
10it [00:42,  4.19s/it]
11it [00:46,  4.20s/it]
12it [00:50,  4.23s/it]
13it [00:55,  4.20s/it]
14it [00:59,  4.24s/it]
15it [01:03,  4.18s/it]
16it [01:07,  4.19s/it]
17it [01:11,  4.23s/it]
18it [01:16,  4.21s/it]
19it [01:20,  4.20s/it]
20it [01:24,  4.17s/it]
21it [01:28,  4.16s/it]
22it [01:32,  4.17s/it]
23it [01:36,  4.19s/it]
24it [01:41,  4.19s/it]
25it [01:45,  4.19s/it]
26it [01:49,  4.17s/it]
27it [01:53,  4.17s/it]
28it [01:57,  4.17s/it]
29it [02:01,  4.17s/it]
30it [02:06,  4.18s/it]
31it [02:10,  4.19s/it]
32it [02:14,  4.21s/it]
33it [02:18,  4.21s/it]
34it [02:23,  4.20s/it]
35it [02:27,  4.17s/it]
36it [02:31,  4.17s/it]
37it [02:35,  4.22s/it]
38it [02:39,  4.26s/it]
39it [02:44,  4.23s/it]
40it [02:48,  4.21s/it]
41it [02:52,  4.26s/it]
42it [02:56,  4.25s/it]
43it [03:01,  4.24s/it]
44it [03:05,  4.22s/it]
45it [03:09,  4.22s/it]
46it [03:13,  4.19s/it]
47it [03:17,  4.21s/it]
48it [03:22,  4.19s/it]
49it [03:26,  4.23s/it]
50it [03:30,  4.22s/it]
51it [03:34,  4.21s/it]
52it [03:38,  4.18s/it]
53it [03:43,  4.20s/it]
54it [03:47,  4.14s/it]
55it [03:51,  4.14s/it]
56it [03:55,  4.16s/it]
57it [03:59,  4.22s/it]
58it [04:04,  4.22s/it]
59it [04:08,  4.25s/it]
60it [04:12,  4.22s/it]
61it [04:16,  4.22s/it]
62it [04:20,  4.20s/it]
63it [04:25,  4.21s/it]
64it [04:29,  4.22s/it]
65it [04:33,  4.24s/it]
66it [04:37,  4.23s/it]
67it [04:42,  4.27s/it]
68it [04:46,  4.31s/it]
69it [04:50,  4.33s/it]
70it [04:55,  4.34s/it]
71it [04:59,  4.31s/it]
72it [05:03,  4.28s/it]
73it [05:08,  4.29s/it]
74it [05:12,  4.28s/it]
75it [05:16,  4.30s/it]
76it [05:20,  4.29s/it]
77it [05:25,  4.33s/it]
78it [05:29,  4.30s/it]
79it [05:33,  4.28s/it]
80it [05:37,  4.22s/it]
81it [05:42,  4.27s/it]
82it [05:46,  4.32s/it]
83it [05:51,  4.31s/it]
84it [05:55,  4.27s/it]
85it [05:59,  4.29s/it]
86it [06:03,  4.30s/it]
87it [06:07,  4.25s/it]
88it [06:12,  4.23s/it]
89it [06:16,  4.21s/it]
90it [06:20,  4.16s/it]
91it [06:24,  4.19s/it]
92it [06:28,  4.23s/it]
93it [06:33,  4.26s/it]
94it [06:37,  4.28s/it]
95it [06:42,  4.33s/it]
96it [06:46,  4.35s/it]
97it [06:50,  4.34s/it]
98it [06:55,  4.39s/it]
99it [07:01,  4.99s/it]
100it [07:08,  5.58s/it]
101it [07:15,  6.01s/it]
102it [07:22,  6.27s/it]
103it [07:29,  6.51s/it]
104it [07:36,  6.68s/it]
105it [07:43,  6.74s/it]
106it [07:50,  6.85s/it]
107it [07:57,  6.89s/it]
108it [08:05,  7.04s/it]
109it [08:11,  6.96s/it]
110it [08:19,  7.09s/it]
111it [08:26,  7.05s/it]
112it [08:33,  7.12s/it]
113it [08:40,  7.11s/it]
114it [08:48,  7.26s/it]
115it [08:55,  7.19s/it]
116it [09:02,  7.20s/it]
117it [09:09,  7.19s/it]
118it [09:17,  7.26s/it]
119it [09:24,  7.18s/it]
120it [09:31,  7.15s/it]
121it [09:38,  7.17s/it]
122it [09:45,  7.18s/it]
123it [09:52,  7.17s/it]
124it [09:59,  7.13s/it]
125it [10:06,  7.11s/it]
126it [10:13,  7.15s/it]
127it [10:20,  7.10s/it]
128it [10:28,  7.14s/it]
129it [10:35,  7.17s/it]
130it [10:42,  7.14s/it]
131it [10:49,  7.10s/it]
132it [10:56,  7.16s/it]
133it [11:03,  7.14s/it]
134it [11:11,  7.17s/it]
135it [11:18,  7.14s/it]
136it [11:25,  7.13s/it]
137it [11:32,  7.08s/it]
138it [11:39,  7.14s/it]
139it [11:46,  7.16s/it]
140it [11:54,  7.21s/it]
141it [12:01,  7.16s/it]
142it [12:08,  7.21s/it]
143it [12:15,  7.13s/it]
144it [12:22,  7.15s/it]
145it [12:30,  7.22s/it]
146it [12:34,  6.39s/it]
147it [12:38,  5.82s/it]
148it [12:43,  5.41s/it]
149it [12:47,  5.13s/it]
150it [12:52,  4.90s/it]
151it [12:56,  4.72s/it]
152it [13:00,  4.64s/it]
153it [13:05,  4.60s/it]
154it [13:09,  4.49s/it]
155it [13:13,  4.40s/it]
156it [13:18,  4.36s/it]
157it [13:22,  4.34s/it]
158it [13:26,  4.31s/it]
159it [13:31,  4.32s/it]
160it [13:35,  4.23s/it]
161it [13:39,  4.22s/it]
162it [13:43,  4.23s/it]
163it [13:47,  4.22s/it]
164it [13:52,  4.24s/it]
165it [13:56,  4.27s/it]
166it [14:00,  4.33s/it]
167it [14:05,  4.33s/it]
168it [14:09,  4.32s/it]
169it [14:13,  4.33s/it]
170it [14:17,  4.27s/it]
171it [14:22,  4.26s/it]
172it [14:26,  4.25s/it]
173it [14:30,  4.27s/it]
174it [14:35,  4.29s/it]
175it [14:39,  4.35s/it]
176it [14:43,  4.31s/it]
177it [14:48,  4.34s/it]
178it [14:52,  4.34s/it]
179it [14:56,  4.32s/it]
180it [15:01,  4.29s/it]
181it [15:05,  4.30s/it]
182it [15:09,  4.32s/it]
183it [15:14,  4.36s/it]
184it [15:18,  4.39s/it]
185it [15:23,  4.41s/it]
186it [15:27,  4.39s/it]
187it [15:31,  4.38s/it]
188it [15:36,  4.35s/it]
189it [15:40,  4.31s/it]
190it [15:44,  4.34s/it]
191it [15:49,  4.37s/it]
192it [15:53,  4.34s/it]
193it [15:57,  4.32s/it]
194it [16:01,  4.27s/it]
195it [16:06,  4.25s/it]
196it [16:10,  4.20s/it]
197it [16:14,  4.22s/it]
198it [16:18,  4.20s/it]
199it [16:22,  4.22s/it]
200it [16:27,  4.27s/it]
201it [16:31,  4.29s/it]
202it [16:35,  4.23s/it]
203it [16:39,  4.20s/it]
204it [16:44,  4.24s/it]
205it [16:48,  4.27s/it]
206it [16:52,  4.28s/it]
207it [16:57,  4.29s/it]
208it [17:01,  4.28s/it]
209it [17:05,  4.29s/it]
210it [17:09,  4.29s/it]
211it [17:14,  4.26s/it]
212it [17:18,  4.21s/it]
213it [17:22,  4.24s/it]
214it [17:26,  4.25s/it]
215it [17:31,  4.26s/it]
216it [17:35,  4.22s/it]
217it [17:39,  4.24s/it]
218it [17:43,  4.19s/it]
219it [17:47,  4.15s/it]
220it [17:51,  4.15s/it]
221it [17:56,  4.19s/it]
222it [18:00,  4.20s/it]
223it [18:04,  4.20s/it]
224it [18:08,  4.23s/it]
225it [18:14,  4.63s/it]
226it [18:20,  5.23s/it]
227it [18:27,  5.67s/it]
228it [18:34,  5.90s/it]
229it [18:41,  6.22s/it]
230it [18:47,  6.34s/it]
231it [18:54,  6.53s/it]
232it [19:01,  6.53s/it]
233it [19:07,  6.61s/it]
234it [19:14,  6.57s/it]
235it [19:21,  6.70s/it]
236it [19:27,  6.60s/it]
237it [19:34,  6.65s/it]
238it [19:41,  6.60s/it]
239it [19:48,  6.75s/it]
240it [19:54,  6.69s/it]
241it [20:01,  6.71s/it]
242it [20:07,  6.66s/it]
243it [20:14,  6.64s/it]
244it [20:21,  6.76s/it]
245it [20:28,  6.68s/it]
246it [20:35,  6.79s/it]
247it [20:41,  6.76s/it]
248it [20:48,  6.75s/it]
249it [20:55,  6.68s/it]
250it [21:01,  6.71s/it]
251it [21:08,  6.63s/it]
252it [21:14,  6.62s/it]
253it [21:21,  6.60s/it]
254it [21:28,  6.74s/it]
255it [21:35,  6.75s/it]
256it [21:42,  6.75s/it]
257it [21:48,  6.65s/it]
258it [21:55,  6.67s/it]
259it [22:01,  6.59s/it]
260it [22:08,  6.65s/it]
261it [22:14,  6.56s/it]
262it [22:21,  6.55s/it]
263it [22:27,  6.53s/it]
264it [22:34,  6.50s/it]
265it [22:40,  6.57s/it]
266it [22:47,  6.50s/it]
267it [22:53,  6.51s/it]
268it [23:00,  6.52s/it]
269it [23:07,  6.61s/it]
270it [23:13,  6.61s/it]
271it [23:20,  6.69s/it]
272it [23:27,  6.61s/it]
273it [23:34,  6.74s/it]
274it [23:40,  6.60s/it]
275it [23:46,  6.39s/it]
276it [23:51,  5.89s/it]
277it [23:55,  5.52s/it]
278it [24:00,  5.26s/it]
279it [24:04,  4.97s/it]
280it [24:09,  4.83s/it]
281it [24:13,  4.66s/it]
282it [24:17,  4.49s/it]
283it [24:21,  4.44s/it]
284it [24:26,  4.40s/it]
285it [24:30,  4.36s/it]
286it [24:34,  4.28s/it]
287it [24:38,  4.32s/it]
288it [24:43,  4.28s/it]
289it [24:47,  4.20s/it]
290it [24:51,  4.17s/it]
291it [24:55,  4.17s/it]
292it [24:59,  4.26s/it]
293it [25:04,  4.26s/it]
294it [25:08,  4.29s/it]
295it [25:12,  4.28s/it]
296it [25:15,  3.98s/it]
297it [25:20,  4.04s/it]
298it [25:24,  4.05s/it]
299it [25:27,  3.81s/it]
300it [25:31,  3.93s/it]
301it [25:35,  4.02s/it]
302it [25:40,  4.12s/it]
303it [25:44,  4.15s/it]
304it [25:48,  4.17s/it]
305it [25:53,  4.22s/it]
306it [25:57,  4.29s/it]
307it [26:01,  4.32s/it]
308it [26:06,  4.29s/it]
309it [26:10,  4.29s/it]
310it [26:14,  4.28s/it]
311it [26:18,  4.27s/it]
312it [26:22,  4.11s/it]
313it [26:26,  4.14s/it]
314it [26:30,  4.13s/it]
315it [26:35,  4.12s/it]
316it [26:39,  4.13s/it]
317it [26:43,  4.08s/it]
318it [26:47,  4.09s/it]
319it [26:51,  4.13s/it]
320it [26:55,  4.17s/it]
321it [27:00,  4.21s/it]
322it [27:04,  4.23s/it]
323it [27:08,  4.19s/it]
324it [27:12,  4.18s/it]
325it [27:16,  4.19s/it]
326it [27:20,  4.15s/it]
327it [27:24,  4.08s/it]
328it [27:29,  4.15s/it]
329it [27:33,  4.17s/it]
330it [27:37,  4.10s/it]
331it [27:41,  4.11s/it]
332it [27:45,  4.16s/it]
333it [27:49,  4.20s/it]
334it [27:54,  4.18s/it]
335it [27:57,  3.99s/it]
336it [28:01,  4.04s/it]
337it [28:05,  4.00s/it]
338it [28:09,  4.05s/it]
339it [28:14,  4.09s/it]
340it [28:18,  4.07s/it]
341it [28:22,  4.20s/it]
342it [28:26,  4.25s/it]
343it [28:31,  4.29s/it]
344it [28:35,  4.27s/it]
345it [28:39,  4.21s/it]
346it [28:43,  4.25s/it]
347it [28:48,  4.29s/it]
348it [28:52,  4.34s/it]
349it [28:57,  4.31s/it]
350it [29:01,  4.29s/it]
351it [29:05,  4.27s/it]
352it [29:09,  4.20s/it]
353it [29:13,  4.21s/it]
354it [29:17,  4.14s/it]
355it [29:21,  4.16s/it]
356it [29:26,  4.17s/it]
357it [29:30,  4.13s/it]
358it [29:34,  4.13s/it]
359it [29:38,  4.11s/it]
360it [29:42,  4.09s/it]
361it [29:46,  4.10s/it]
362it [29:50,  4.17s/it]
363it [29:55,  4.18s/it]
364it [29:59,  4.25s/it]
365it [30:03,  4.28s/it]
366it [30:08,  4.28s/it]
367it [30:12,  4.27s/it]
368it [30:16,  4.28s/it]
369it [30:21,  4.31s/it]
370it [30:25,  4.28s/it]
371it [30:29,  4.27s/it]
372it [30:33,  4.22s/it]
373it [30:37,  4.15s/it]
374it [30:41,  4.17s/it]
375it [30:46,  4.17s/it]
376it [30:50,  4.20s/it]
377it [30:54,  4.12s/it]
378it [30:57,  3.86s/it]
378it [30:57,  4.91s/it]

  0%|          | 0/48 [00:00<?, ?it/s]
  2%|▏         | 1/48 [00:04<03:12,  4.09s/it]
  4%|▍         | 2/48 [00:08<03:14,  4.23s/it]
  6%|▋         | 3/48 [00:12<03:07,  4.18s/it]
  8%|▊         | 4/48 [00:16<03:05,  4.21s/it]
 10%|█         | 5/48 [00:21<03:01,  4.22s/it]
 12%|█▎        | 6/48 [00:25<02:57,  4.22s/it]
 15%|█▍        | 7/48 [00:29<02:53,  4.22s/it]
 17%|█▋        | 8/48 [00:33<02:47,  4.19s/it]
 19%|█▉        | 9/48 [00:37<02:44,  4.22s/it]
 21%|██        | 10/48 [00:42<02:39,  4.20s/it]
 23%|██▎       | 11/48 [00:46<02:32,  4.13s/it]
 25%|██▌       | 12/48 [00:49<02:26,  4.06s/it]
 27%|██▋       | 13/48 [00:54<02:23,  4.09s/it]
 29%|██▉       | 14/48 [00:58<02:19,  4.09s/it]
 31%|███▏      | 15/48 [01:02<02:12,  4.02s/it]
 33%|███▎      | 16/48 [01:06<02:11,  4.10s/it]
 35%|███▌      | 17/48 [01:10<02:08,  4.14s/it]
 38%|███▊      | 18/48 [01:14<02:03,  4.12s/it]
 40%|███▉      | 19/48 [01:18<01:59,  4.14s/it]
 42%|████▏     | 20/48 [01:23<01:56,  4.17s/it]
 44%|████▍     | 21/48 [01:26<01:48,  4.03s/it]
 46%|████▌     | 22/48 [01:30<01:46,  4.08s/it]
 48%|████▊     | 23/48 [01:35<01:43,  4.14s/it]
 50%|█████     | 24/48 [01:39<01:39,  4.17s/it]
 52%|█████▏    | 25/48 [01:43<01:35,  4.17s/it]
 54%|█████▍    | 26/48 [01:47<01:30,  4.13s/it]
 56%|█████▋    | 27/48 [01:51<01:27,  4.16s/it]
 58%|█████▊    | 28/48 [01:56<01:23,  4.19s/it]
 60%|██████    | 29/48 [02:00<01:19,  4.21s/it]
 62%|██████▎   | 30/48 [02:03<01:11,  3.96s/it]
 65%|██████▍   | 31/48 [02:08<01:08,  4.05s/it]
 67%|██████▋   | 32/48 [02:12<01:06,  4.14s/it]
 69%|██████▉   | 33/48 [02:16<01:02,  4.17s/it]
 71%|███████   | 34/48 [02:20<00:58,  4.19s/it]
 73%|███████▎  | 35/48 [02:25<00:54,  4.23s/it]
 75%|███████▌  | 36/48 [02:29<00:50,  4.23s/it]
 77%|███████▋  | 37/48 [02:32<00:43,  3.95s/it]
 79%|███████▉  | 38/48 [02:36<00:40,  4.01s/it]
 81%|████████▏ | 39/48 [02:41<00:36,  4.08s/it]
 83%|████████▎ | 40/48 [02:45<00:32,  4.12s/it]
 85%|████████▌ | 41/48 [02:49<00:29,  4.22s/it]
 88%|████████▊ | 42/48 [02:54<00:25,  4.26s/it]
 90%|████████▉ | 43/48 [02:58<00:21,  4.27s/it]
 92%|█████████▏| 44/48 [03:02<00:17,  4.26s/it]
 94%|█████████▍| 45/48 [03:06<00:12,  4.20s/it]
 96%|█████████▌| 46/48 [03:10<00:08,  4.18s/it]
 98%|█████████▊| 47/48 [03:15<00:04,  4.21s/it]
100%|██████████| 48/48 [03:16<00:00,  3.26s/it]
100%|██████████| 48/48 [03:16<00:00,  4.09s/it]
Epoch: 1/20, Val_Acc: 77.5057889513728

0it [00:00, ?it/s]
1it [00:03,  3.98s/it]
2it [00:08,  4.05s/it]
3it [00:12,  4.02s/it]
4it [00:16,  4.02s/it]
5it [00:20,  4.01s/it]
6it [00:23,  3.98s/it]
7it [00:27,  3.97s/it]
8it [00:31,  3.94s/it]
9it [00:35,  3.90s/it]
10it [00:39,  3.87s/it]
11it [00:43,  3.91s/it]
12it [00:47,  3.91s/it]
13it [00:51,  3.91s/it]
14it [00:55,  3.88s/it]
15it [00:59,  3.92s/it]
16it [01:02,  3.86s/it]
17it [01:06,  3.87s/it]
18it [01:10,  3.75s/it]
19it [01:14,  3.82s/it]
20it [01:18,  3.88s/it]
21it [01:22,  3.97s/it]
22it [01:26,  4.01s/it]
23it [01:30,  4.00s/it]
24it [01:34,  3.97s/it]
25it [01:38,  3.96s/it]
26it [01:41,  3.87s/it]
27it [01:45,  3.71s/it]
28it [01:48,  3.68s/it]
29it [01:52,  3.70s/it]
30it [01:56,  3.73s/it]
31it [02:00,  3.86s/it]
32it [02:04,  3.83s/it]
33it [02:08,  3.96s/it]
34it [02:12,  4.00s/it]
35it [02:16,  4.06s/it]
36it [02:20,  3.85s/it]
37it [02:24,  3.87s/it]
38it [02:28,  3.93s/it]
39it [02:31,  3.65s/it]
40it [02:35,  3.70s/it]
41it [02:38,  3.57s/it]
42it [02:41,  3.52s/it]
43it [02:45,  3.63s/it]
44it [02:48,  3.53s/it]
45it [02:52,  3.61s/it]
46it [02:56,  3.63s/it]
47it [03:00,  3.70s/it]
48it [03:04,  3.73s/it]
49it [03:07,  3.78s/it]
50it [03:11,  3.66s/it]
51it [03:15,  3.74s/it]
52it [03:19,  3.77s/it]
53it [03:23,  3.82s/it]
54it [03:26,  3.83s/it]
55it [03:30,  3.79s/it]
56it [03:34,  3.79s/it]
57it [03:38,  3.87s/it]
58it [03:42,  3.87s/it]
59it [03:46,  3.87s/it]
60it [03:50,  3.95s/it]
61it [03:54,  3.99s/it]
62it [03:58,  3.98s/it]
63it [04:02,  3.99s/it]
64it [04:06,  3.97s/it]
65it [04:10,  4.00s/it]
66it [04:14,  4.01s/it]
67it [04:18,  4.05s/it]
68it [04:22,  4.07s/it]
69it [04:26,  4.05s/it]
70it [04:30,  3.96s/it]
71it [04:34,  3.98s/it]
72it [04:38,  3.95s/it]
73it [04:42,  3.94s/it]
74it [04:45,  3.81s/it]
75it [04:49,  3.86s/it]
76it [04:53,  3.90s/it]
77it [04:57,  3.95s/it]
78it [05:01,  3.92s/it]
79it [05:05,  3.88s/it]
80it [05:09,  3.84s/it]
81it [05:12,  3.84s/it]
82it [05:16,  3.77s/it]
83it [05:20,  3.78s/it]
84it [05:24,  3.74s/it]
85it [05:28,  3.82s/it]
86it [05:31,  3.82s/it]
87it [05:35,  3.83s/it]
88it [05:39,  3.85s/it]
89it [05:43,  3.90s/it]
90it [05:47,  3.81s/it]
91it [05:51,  3.85s/it]
92it [05:55,  3.87s/it]
93it [05:59,  3.91s/it]
94it [06:03,  3.93s/it]
95it [06:07,  3.97s/it]
96it [06:10,  3.93s/it]
97it [06:14,  3.87s/it]
98it [06:17,  3.67s/it]
99it [06:21,  3.76s/it]
100it [06:26,  3.89s/it]
101it [06:30,  3.93s/it]
102it [06:34,  3.93s/it]
103it [06:38,  3.95s/it]
104it [06:42,  3.98s/it]
105it [06:46,  4.01s/it]
106it [06:50,  4.01s/it]
107it [06:54,  4.07s/it]
108it [06:58,  4.07s/it]
109it [07:02,  4.06s/it]
110it [07:06,  3.94s/it]
111it [07:10,  3.93s/it]
112it [07:13,  3.93s/it]
113it [07:18,  3.96s/it]
114it [07:22,  3.98s/it]
115it [07:26,  4.02s/it]
116it [07:30,  4.05s/it]
117it [07:34,  4.05s/it]
118it [07:38,  4.04s/it]
119it [07:42,  4.03s/it]
120it [07:46,  4.00s/it]
121it [07:50,  4.07s/it]
122it [07:54,  3.96s/it]
123it [07:57,  3.78s/it]
124it [08:01,  3.77s/it]
125it [08:05,  3.83s/it]
126it [08:09,  3.87s/it]
127it [08:12,  3.66s/it]
128it [08:16,  3.71s/it]
129it [08:20,  3.77s/it]
130it [08:23,  3.65s/it]
131it [08:27,  3.68s/it]
132it [08:30,  3.65s/it]
133it [08:34,  3.75s/it]
134it [08:38,  3.82s/it]
135it [08:42,  3.81s/it]
136it [08:46,  3.80s/it]
137it [08:50,  3.93s/it]
138it [08:54,  3.88s/it]
139it [08:58,  3.86s/it]
140it [09:01,  3.78s/it]
141it [09:05,  3.90s/it]
142it [09:10,  3.95s/it]
143it [09:14,  3.97s/it]
144it [09:18,  3.97s/it]
145it [09:22,  3.98s/it]
146it [09:26,  3.98s/it]
147it [09:30,  4.00s/it]
148it [09:34,  3.98s/it]
149it [09:38,  3.99s/it]
150it [09:42,  4.05s/it]
151it [09:46,  4.08s/it]
152it [09:50,  4.04s/it]
153it [09:54,  4.05s/it]
154it [09:58,  4.04s/it]
155it [10:02,  3.95s/it]
156it [10:06,  3.96s/it]
157it [10:10,  4.00s/it]
158it [10:14,  4.01s/it]
159it [10:18,  4.04s/it]
160it [10:22,  4.02s/it]
161it [10:26,  4.00s/it]
162it [10:30,  3.97s/it]
163it [10:34,  3.95s/it]
164it [10:37,  3.89s/it]
165it [10:41,  3.94s/it]
166it [10:45,  3.92s/it]
167it [10:48,  3.72s/it]
168it [10:51,  3.49s/it]
169it [10:55,  3.60s/it]
170it [10:59,  3.70s/it]
171it [11:03,  3.77s/it]
172it [11:07,  3.86s/it]
173it [11:11,  3.87s/it]
174it [11:15,  3.83s/it]
175it [11:19,  3.88s/it]
176it [11:23,  3.84s/it]
177it [11:27,  3.89s/it]
178it [11:30,  3.60s/it]
179it [11:33,  3.60s/it]
180it [11:37,  3.66s/it]
181it [11:41,  3.76s/it]
182it [11:45,  3.89s/it]
183it [11:49,  3.88s/it]
184it [11:53,  3.98s/it]
185it [11:57,  4.00s/it]
186it [12:01,  3.97s/it]
187it [12:05,  3.94s/it]
188it [12:09,  3.96s/it]
189it [12:13,  3.97s/it]
190it [12:17,  3.96s/it]
191it [12:21,  3.87s/it]
192it [12:24,  3.83s/it]
193it [12:28,  3.91s/it]
194it [12:32,  3.73s/it]
195it [12:36,  3.79s/it]
196it [12:40,  3.86s/it]
197it [12:43,  3.68s/it]
198it [12:47,  3.64s/it]
199it [12:50,  3.70s/it]
200it [12:54,  3.76s/it]
201it [12:58,  3.81s/it]
202it [13:02,  3.84s/it]
203it [13:06,  3.90s/it]
204it [13:10,  3.93s/it]
205it [13:14,  3.93s/it]
206it [13:18,  3.98s/it]
207it [13:22,  3.99s/it]
208it [13:26,  3.98s/it]
209it [13:30,  4.00s/it]
210it [13:34,  4.06s/it]
211it [13:38,  4.07s/it]
212it [13:43,  4.06s/it]
213it [13:46,  4.03s/it]
214it [13:51,  4.06s/it]
215it [13:55,  4.05s/it]
216it [13:59,  4.05s/it]
217it [14:03,  4.08s/it]
218it [14:07,  4.04s/it]
219it [14:11,  4.03s/it]
220it [14:15,  4.06s/it]
221it [14:19,  4.10s/it]
222it [14:23,  4.12s/it]
223it [14:27,  4.12s/it]
224it [14:32,  4.12s/it]
225it [14:35,  4.08s/it]
226it [14:39,  3.89s/it]
227it [14:43,  3.96s/it]
228it [14:47,  3.97s/it]
229it [14:51,  3.98s/it]
230it [14:55,  3.98s/it]
231it [14:59,  4.00s/it]
232it [15:03,  4.05s/it]
233it [15:07,  4.07s/it]
234it [15:11,  4.08s/it]
235it [15:16,  4.11s/it]
236it [15:20,  4.09s/it]
237it [15:24,  4.17s/it]
238it [15:28,  4.12s/it]
239it [15:32,  4.10s/it]
240it [15:36,  4.08s/it]
241it [15:40,  4.11s/it]
242it [15:44,  4.07s/it]
243it [15:48,  3.98s/it]
244it [15:52,  3.93s/it]
245it [15:56,  3.86s/it]
246it [16:00,  3.89s/it]
247it [16:04,  3.93s/it]
248it [16:08,  3.97s/it]
249it [16:12,  3.99s/it]
250it [16:16,  4.04s/it]
251it [16:20,  4.04s/it]
252it [16:24,  4.06s/it]
253it [16:27,  3.83s/it]
254it [16:31,  3.85s/it]
255it [16:35,  3.91s/it]
256it [16:39,  3.90s/it]
257it [16:43,  3.86s/it]
258it [16:46,  3.74s/it]
259it [16:50,  3.75s/it]
260it [16:54,  3.82s/it]
261it [16:57,  3.70s/it]
262it [17:01,  3.53s/it]
263it [17:04,  3.57s/it]
264it [17:08,  3.59s/it]
265it [17:12,  3.61s/it]
266it [17:15,  3.56s/it]
267it [17:19,  3.66s/it]
268it [17:23,  3.72s/it]
269it [17:27,  3.76s/it]
270it [17:31,  3.80s/it]
271it [17:35,  3.86s/it]
272it [17:38,  3.88s/it]
273it [17:42,  3.91s/it]
274it [17:46,  3.94s/it]
275it [17:50,  3.91s/it]
276it [17:54,  3.90s/it]
277it [17:58,  3.87s/it]
278it [18:02,  3.86s/it]
279it [18:06,  3.93s/it]
280it [18:10,  3.98s/it]
281it [18:14,  4.00s/it]
282it [18:18,  4.00s/it]
283it [18:22,  4.04s/it]
284it [18:26,  4.03s/it]
285it [18:30,  4.01s/it]
286it [18:34,  4.01s/it]
287it [18:38,  4.03s/it]
288it [18:42,  4.03s/it]
289it [18:46,  3.98s/it]
290it [18:50,  3.96s/it]
291it [18:54,  3.97s/it]
292it [18:58,  3.99s/it]
293it [19:02,  3.96s/it]
294it [19:06,  3.96s/it]
295it [19:10,  3.99s/it]
296it [19:14,  3.97s/it]
297it [19:18,  3.97s/it]
298it [19:22,  4.01s/it]
299it [19:26,  4.06s/it]
300it [19:30,  4.08s/it]
301it [19:34,  4.06s/it]
302it [19:38,  4.05s/it]
303it [19:42,  4.06s/it]
304it [19:46,  4.04s/it]
305it [19:50,  4.03s/it]
306it [19:54,  4.01s/it]
307it [19:58,  3.98s/it]
308it [20:02,  4.02s/it]
309it [20:06,  4.02s/it]
310it [20:10,  4.03s/it]
311it [20:15,  4.05s/it]
312it [20:18,  4.02s/it]
313it [20:22,  4.00s/it]
314it [20:27,  4.03s/it]
315it [20:31,  4.06s/it]
316it [20:35,  4.02s/it]
317it [20:38,  3.97s/it]
318it [20:42,  3.92s/it]
319it [20:46,  3.97s/it]
320it [20:50,  3.99s/it]
321it [20:54,  3.91s/it]
322it [20:58,  3.92s/it]
323it [21:02,  3.90s/it]
324it [21:06,  3.84s/it]
325it [21:09,  3.81s/it]
326it [21:13,  3.79s/it]
327it [21:17,  3.82s/it]
328it [21:21,  3.81s/it]
329it [21:24,  3.78s/it]
330it [21:29,  3.92s/it]
331it [21:33,  3.98s/it]
332it [21:37,  4.01s/it]
333it [21:41,  4.02s/it]
334it [21:45,  4.07s/it]
335it [21:49,  3.98s/it]
336it [21:53,  3.94s/it]
337it [21:57,  3.92s/it]
338it [22:01,  3.96s/it]
339it [22:04,  3.74s/it]
340it [22:07,  3.59s/it]
341it [22:11,  3.63s/it]
342it [22:15,  3.74s/it]
343it [22:19,  3.77s/it]
344it [22:22,  3.78s/it]
345it [22:26,  3.82s/it]
346it [22:30,  3.87s/it]
347it [22:34,  3.90s/it]
348it [22:38,  3.94s/it]
349it [22:42,  3.91s/it]
350it [22:46,  4.00s/it]
351it [22:50,  3.97s/it]
352it [22:54,  3.94s/it]
353it [22:58,  3.96s/it]
354it [23:02,  4.02s/it]
355it [23:07,  4.06s/it]
356it [23:11,  4.05s/it]
357it [23:15,  4.05s/it]
358it [23:18,  3.95s/it]
359it [23:22,  3.89s/it]
360it [23:26,  3.85s/it]
361it [23:30,  3.91s/it]
362it [23:34,  3.96s/it]
363it [23:38,  3.95s/it]
364it [23:42,  3.96s/it]
365it [23:46,  3.96s/it]
366it [23:50,  3.99s/it]
367it [23:54,  4.01s/it]
368it [23:58,  3.96s/it]
369it [24:02,  3.91s/it]
370it [24:06,  3.95s/it]
371it [24:09,  3.88s/it]
372it [24:13,  3.88s/it]
373it [24:17,  3.88s/it]
374it [24:21,  3.87s/it]
375it [24:25,  3.91s/it]
376it [24:29,  3.91s/it]
377it [24:33,  3.90s/it]
378it [24:36,  3.67s/it]
378it [24:36,  3.91s/it]

  0%|          | 0/48 [00:00<?, ?it/s]
  2%|▏         | 1/48 [00:03<03:04,  3.93s/it]
  4%|▍         | 2/48 [00:07<02:58,  3.88s/it]
  6%|▋         | 3/48 [00:11<02:58,  3.98s/it]
  8%|▊         | 4/48 [00:15<02:55,  3.98s/it]
 10%|█         | 5/48 [00:19<02:48,  3.92s/it]
 12%|█▎        | 6/48 [00:23<02:45,  3.95s/it]
 15%|█▍        | 7/48 [00:27<02:37,  3.84s/it]
 17%|█▋        | 8/48 [00:30<02:27,  3.70s/it]
 19%|█▉        | 9/48 [00:34<02:28,  3.80s/it]
 21%|██        | 10/48 [00:38<02:26,  3.85s/it]
 23%|██▎       | 11/48 [00:42<02:25,  3.94s/it]
 25%|██▌       | 12/48 [00:46<02:23,  4.00s/it]
 27%|██▋       | 13/48 [00:50<02:17,  3.92s/it]
 29%|██▉       | 14/48 [00:54<02:08,  3.79s/it]
 31%|███▏      | 15/48 [00:58<02:08,  3.90s/it]
 33%|███▎      | 16/48 [01:02<02:05,  3.92s/it]
 35%|███▌      | 17/48 [01:06<02:02,  3.96s/it]
 38%|███▊      | 18/48 [01:10<01:59,  3.98s/it]
 40%|███▉      | 19/48 [01:14<01:56,  4.01s/it]
 42%|████▏     | 20/48 [01:18<01:52,  4.03s/it]
 44%|████▍     | 21/48 [01:22<01:48,  4.03s/it]
 46%|████▌     | 22/48 [01:26<01:44,  4.02s/it]
 48%|████▊     | 23/48 [01:30<01:40,  4.01s/it]
 50%|█████     | 24/48 [01:34<01:35,  3.99s/it]
 52%|█████▏    | 25/48 [01:38<01:33,  4.05s/it]
 54%|█████▍    | 26/48 [01:42<01:25,  3.87s/it]
 56%|█████▋    | 27/48 [01:45<01:20,  3.82s/it]
 58%|█████▊    | 28/48 [01:49<01:17,  3.87s/it]
 60%|██████    | 29/48 [01:53<01:12,  3.81s/it]
 62%|██████▎   | 30/48 [01:57<01:09,  3.85s/it]
 65%|██████▍   | 31/48 [02:00<01:02,  3.69s/it]
 67%|██████▋   | 32/48 [02:04<01:00,  3.75s/it]
 69%|██████▉   | 33/48 [02:08<00:57,  3.84s/it]
 71%|███████   | 34/48 [02:12<00:53,  3.79s/it]
 73%|███████▎  | 35/48 [02:15<00:47,  3.67s/it]
 75%|███████▌  | 36/48 [02:19<00:44,  3.71s/it]
 77%|███████▋  | 37/48 [02:23<00:41,  3.77s/it]
 79%|███████▉  | 38/48 [02:27<00:37,  3.80s/it]
 81%|████████▏ | 39/48 [02:31<00:33,  3.77s/it]
 83%|████████▎ | 40/48 [02:34<00:30,  3.81s/it]
 85%|████████▌ | 41/48 [02:38<00:26,  3.86s/it]
 88%|████████▊ | 42/48 [02:42<00:23,  3.92s/it]
 90%|████████▉ | 43/48 [02:46<00:19,  3.85s/it]
 92%|█████████▏| 44/48 [02:50<00:15,  3.87s/it]
 94%|█████████▍| 45/48 [02:54<00:11,  3.93s/it]
 96%|█████████▌| 46/48 [02:58<00:07,  3.98s/it]
 98%|█████████▊| 47/48 [03:02<00:04,  4.02s/it]
100%|██████████| 48/48 [03:03<00:00,  3.11s/it]
100%|██████████| 48/48 [03:03<00:00,  3.83s/it]
Epoch: 2/20, Val_Acc: 78.39894144889183

0it [00:00, ?it/s]
1it [00:04,  4.10s/it]
2it [00:07,  3.97s/it]
3it [00:11,  3.71s/it]
4it [00:15,  3.81s/it]
5it [00:19,  3.81s/it]
6it [00:22,  3.81s/it]
7it [00:26,  3.81s/it]
8it [00:30,  3.77s/it]
9it [00:34,  3.70s/it]
10it [00:37,  3.76s/it]
11it [00:41,  3.81s/it]
12it [00:45,  3.83s/it]
13it [00:49,  3.87s/it]
14it [00:53,  3.83s/it]
15it [00:57,  3.89s/it]
16it [01:01,  3.90s/it]
17it [01:05,  3.92s/it]
18it [01:09,  3.88s/it]
19it [01:12,  3.88s/it]
20it [01:16,  3.87s/it]
21it [01:20,  3.88s/it]
22it [01:24,  3.89s/it]
23it [01:28,  3.93s/it]
24it [01:32,  3.91s/it]
25it [01:36,  3.91s/it]
26it [01:40,  3.83s/it]
27it [01:44,  3.92s/it]
28it [01:48,  3.97s/it]
29it [01:52,  4.00s/it]
30it [01:56,  4.03s/it]
31it [02:00,  4.03s/it]
32it [02:04,  4.01s/it]
33it [02:08,  4.01s/it]
34it [02:12,  4.01s/it]
35it [02:16,  4.01s/it]
36it [02:20,  4.06s/it]
37it [02:24,  4.06s/it]
38it [02:28,  4.07s/it]
39it [02:32,  4.06s/it]
40it [02:36,  4.03s/it]
41it [02:40,  3.99s/it]
42it [02:44,  3.96s/it]
43it [02:48,  3.98s/it]
44it [02:52,  4.00s/it]
45it [02:56,  4.00s/it]
46it [03:00,  3.98s/it]
47it [03:03,  3.77s/it]
48it [03:07,  3.84s/it]
49it [03:11,  3.85s/it]
50it [03:15,  3.90s/it]
51it [03:19,  3.90s/it]
52it [03:23,  3.89s/it]
53it [03:27,  3.80s/it]
54it [03:31,  3.84s/it]
55it [03:34,  3.86s/it]
56it [03:39,  3.93s/it]
57it [03:43,  3.93s/it]
58it [03:46,  3.92s/it]
59it [03:50,  3.93s/it]
60it [03:54,  3.94s/it]
61it [03:58,  3.91s/it]
62it [04:02,  3.92s/it]
63it [04:06,  3.83s/it]
64it [04:09,  3.77s/it]
65it [04:13,  3.82s/it]
66it [04:17,  3.85s/it]
67it [04:21,  3.88s/it]
68it [04:25,  3.81s/it]
69it [04:28,  3.65s/it]
70it [04:32,  3.65s/it]
71it [04:36,  3.69s/it]
72it [04:39,  3.62s/it]
73it [04:43,  3.73s/it]
74it [04:47,  3.77s/it]
75it [04:51,  3.79s/it]
76it [04:55,  3.81s/it]
77it [04:58,  3.82s/it]
78it [05:02,  3.87s/it]
79it [05:06,  3.86s/it]
80it [05:10,  3.80s/it]
81it [05:14,  3.81s/it]
82it [05:18,  3.85s/it]
83it [05:22,  3.86s/it]
84it [05:25,  3.86s/it]
85it [05:29,  3.89s/it]
86it [05:32,  3.66s/it]
87it [05:36,  3.71s/it]
88it [05:40,  3.82s/it]
89it [05:44,  3.91s/it]
90it [05:49,  3.95s/it]
91it [05:53,  3.97s/it]
92it [05:56,  3.95s/it]
93it [06:00,  3.96s/it]
94it [06:04,  3.95s/it]
95it [06:08,  3.89s/it]
96it [06:12,  3.90s/it]
97it [06:15,  3.71s/it]
98it [06:19,  3.75s/it]
99it [06:23,  3.84s/it]
100it [06:27,  3.90s/it]
101it [06:31,  3.96s/it]
102it [06:35,  3.97s/it]
103it [06:39,  3.95s/it]
104it [06:43,  3.87s/it]
105it [06:46,  3.64s/it]
106it [06:50,  3.69s/it]
107it [06:54,  3.69s/it]
108it [06:57,  3.48s/it]
109it [07:00,  3.58s/it]
110it [07:04,  3.70s/it]
111it [07:08,  3.78s/it]
112it [07:12,  3.82s/it]
113it [07:16,  3.85s/it]
114it [07:20,  3.83s/it]
115it [07:24,  3.87s/it]
116it [07:28,  3.86s/it]
117it [07:32,  3.86s/it]
118it [07:35,  3.88s/it]
119it [07:39,  3.66s/it]
120it [07:42,  3.61s/it]
121it [07:46,  3.70s/it]
122it [07:50,  3.76s/it]
123it [07:54,  3.89s/it]
124it [07:58,  3.91s/it]
125it [08:02,  3.92s/it]
126it [08:06,  3.93s/it]
127it [08:10,  3.93s/it]
128it [08:13,  3.81s/it]
129it [08:17,  3.84s/it]
130it [08:21,  3.80s/it]
131it [08:25,  3.86s/it]
132it [08:29,  3.92s/it]
133it [08:33,  3.98s/it]
134it [08:37,  4.03s/it]
135it [08:41,  4.04s/it]
136it [08:45,  4.03s/it]
137it [08:50,  4.08s/it]
138it [08:54,  4.08s/it]
139it [08:58,  4.06s/it]
140it [09:02,  4.08s/it]
141it [09:06,  4.08s/it]
142it [09:10,  4.04s/it]
143it [09:14,  3.97s/it]
144it [09:18,  3.92s/it]
145it [09:21,  3.83s/it]
146it [09:25,  3.80s/it]
147it [09:29,  3.87s/it]
148it [09:33,  3.90s/it]
149it [09:37,  3.92s/it]
150it [09:41,  3.91s/it]
151it [09:45,  3.94s/it]
152it [09:49,  3.96s/it]
153it [09:53,  3.91s/it]
154it [09:57,  3.94s/it]
155it [10:00,  3.91s/it]
156it [10:04,  3.92s/it]
157it [10:08,  3.92s/it]
158it [10:12,  3.90s/it]
159it [10:16,  3.87s/it]
160it [10:20,  3.90s/it]
161it [10:24,  3.92s/it]
162it [10:28,  3.97s/it]
163it [10:32,  3.96s/it]
164it [10:36,  3.95s/it]
165it [10:40,  3.98s/it]
166it [10:44,  3.93s/it]
167it [10:48,  3.95s/it]
168it [10:52,  3.94s/it]
169it [10:56,  4.01s/it]
170it [11:00,  4.01s/it]
171it [11:04,  3.98s/it]
172it [11:08,  3.95s/it]
173it [11:11,  3.92s/it]
174it [11:15,  3.89s/it]
175it [11:19,  3.91s/it]
176it [11:23,  3.94s/it]
177it [11:27,  3.97s/it]
178it [11:31,  3.96s/it]
179it [11:35,  3.99s/it]
180it [11:39,  4.00s/it]
181it [11:43,  4.01s/it]
182it [11:47,  4.02s/it]
183it [11:51,  3.98s/it]
184it [11:55,  3.94s/it]
185it [11:59,  3.93s/it]
186it [12:03,  3.97s/it]
187it [12:07,  3.98s/it]
188it [12:11,  3.95s/it]
189it [12:15,  3.95s/it]
190it [12:19,  3.96s/it]
191it [12:23,  4.01s/it]
192it [12:27,  4.02s/it]
193it [12:31,  4.04s/it]
194it [12:35,  4.04s/it]
195it [12:39,  4.01s/it]
196it [12:43,  3.95s/it]
197it [12:47,  4.00s/it]
198it [12:51,  3.98s/it]
199it [12:55,  4.01s/it]
200it [12:59,  4.03s/it]
201it [13:03,  4.00s/it]
202it [13:07,  3.98s/it]
203it [13:11,  3.97s/it]
204it [13:15,  3.98s/it]
205it [13:19,  3.96s/it]
206it [13:23,  3.93s/it]
207it [13:27,  3.95s/it]
208it [13:31,  3.93s/it]
209it [13:35,  3.95s/it]
210it [13:39,  3.98s/it]
211it [13:43,  4.00s/it]
212it [13:47,  4.01s/it]
213it [13:51,  4.00s/it]
214it [13:55,  3.98s/it]
215it [13:59,  3.99s/it]
216it [14:02,  3.97s/it]
217it [14:06,  3.98s/it]
218it [14:10,  3.97s/it]
219it [14:14,  3.94s/it]
220it [14:18,  3.86s/it]
221it [14:22,  3.83s/it]
222it [14:26,  3.85s/it]
223it [14:30,  3.89s/it]
224it [14:34,  3.98s/it]
225it [14:38,  4.05s/it]
226it [14:42,  4.05s/it]
227it [14:46,  4.03s/it]
228it [14:50,  3.99s/it]
229it [14:54,  3.99s/it]
230it [14:58,  3.99s/it]
231it [15:02,  4.01s/it]
232it [15:06,  4.02s/it]
233it [15:10,  4.02s/it]
234it [15:14,  4.00s/it]
235it [15:18,  4.01s/it]
236it [15:22,  4.02s/it]
237it [15:26,  3.99s/it]
238it [15:30,  4.01s/it]
239it [15:34,  4.03s/it]
240it [15:38,  4.05s/it]
241it [15:42,  4.04s/it]
242it [15:46,  4.04s/it]
243it [15:50,  4.03s/it]
244it [15:54,  4.04s/it]
245it [15:58,  4.07s/it]
246it [16:03,  4.06s/it]
247it [16:07,  4.08s/it]
248it [16:11,  4.10s/it]
249it [16:15,  4.12s/it]
250it [16:19,  4.10s/it]
251it [16:23,  4.06s/it]
252it [16:27,  4.02s/it]
253it [16:31,  4.00s/it]
254it [16:35,  3.97s/it]
255it [16:39,  3.90s/it]
256it [16:42,  3.93s/it]
257it [16:46,  3.92s/it]
258it [16:50,  3.88s/it]
259it [16:54,  3.91s/it]
260it [16:58,  3.96s/it]
261it [17:02,  4.00s/it]
262it [17:06,  4.02s/it]
263it [17:10,  4.00s/it]
264it [17:14,  3.98s/it]
265it [17:18,  3.92s/it]
266it [17:22,  3.86s/it]
267it [17:26,  3.89s/it]
268it [17:30,  3.90s/it]
269it [17:34,  3.90s/it]
270it [17:37,  3.90s/it]
271it [17:41,  3.89s/it]
272it [17:46,  3.98s/it]
273it [17:50,  4.06s/it]
274it [17:54,  4.03s/it]
275it [17:58,  4.00s/it]
276it [18:02,  4.04s/it]
277it [18:06,  4.04s/it]
278it [18:10,  4.05s/it]
279it [18:14,  4.05s/it]
280it [18:18,  4.06s/it]
281it [18:22,  4.03s/it]
282it [18:26,  4.00s/it]
283it [18:30,  3.97s/it]
284it [18:34,  3.97s/it]
285it [18:38,  4.01s/it]
286it [18:42,  4.02s/it]
287it [18:46,  4.03s/it]
288it [18:50,  3.96s/it]
289it [18:54,  3.97s/it]
290it [18:58,  3.96s/it]
291it [19:02,  4.00s/it]
292it [19:06,  3.99s/it]
293it [19:10,  3.95s/it]
294it [19:13,  3.75s/it]
295it [19:17,  3.80s/it]
296it [19:21,  3.82s/it]
297it [19:25,  3.83s/it]
298it [19:28,  3.83s/it]
299it [19:32,  3.83s/it]
300it [19:36,  3.75s/it]
301it [19:39,  3.71s/it]
302it [19:43,  3.76s/it]
303it [19:47,  3.65s/it]
304it [19:50,  3.67s/it]
305it [19:54,  3.75s/it]
306it [19:58,  3.73s/it]
307it [20:02,  3.78s/it]
308it [20:06,  3.79s/it]
309it [20:10,  3.82s/it]
310it [20:13,  3.81s/it]
311it [20:17,  3.80s/it]
312it [20:21,  3.78s/it]
313it [20:25,  3.86s/it]
314it [20:29,  3.88s/it]
315it [20:33,  3.92s/it]
316it [20:36,  3.72s/it]
317it [20:40,  3.65s/it]
318it [20:43,  3.64s/it]
319it [20:47,  3.60s/it]
320it [20:51,  3.68s/it]
321it [20:55,  3.74s/it]
322it [20:58,  3.76s/it]
323it [21:02,  3.86s/it]
324it [21:06,  3.89s/it]
325it [21:10,  3.93s/it]
326it [21:14,  3.92s/it]
327it [21:18,  3.88s/it]
328it [21:22,  3.80s/it]
329it [21:26,  3.81s/it]
330it [21:29,  3.72s/it]
331it [21:33,  3.74s/it]
332it [21:37,  3.76s/it]
333it [21:41,  3.82s/it]
334it [21:45,  3.86s/it]
335it [21:49,  3.89s/it]
336it [21:52,  3.88s/it]
337it [21:56,  3.92s/it]
338it [22:00,  3.90s/it]
339it [22:04,  3.82s/it]
340it [22:08,  3.80s/it]
341it [22:12,  3.87s/it]
342it [22:15,  3.72s/it]
343it [22:19,  3.78s/it]
344it [22:23,  3.78s/it]
345it [22:27,  3.78s/it]
346it [22:30,  3.82s/it]
347it [22:34,  3.89s/it]
348it [22:38,  3.91s/it]
349it [22:42,  3.87s/it]
350it [22:46,  3.84s/it]
351it [22:50,  3.80s/it]
352it [22:54,  3.81s/it]
353it [22:57,  3.83s/it]
354it [23:01,  3.83s/it]
355it [23:05,  3.84s/it]
356it [23:09,  3.78s/it]
357it [23:12,  3.75s/it]
358it [23:16,  3.74s/it]
359it [23:20,  3.82s/it]
360it [23:24,  3.82s/it]
361it [23:28,  3.85s/it]
362it [23:32,  3.80s/it]
363it [23:35,  3.84s/it]
364it [23:39,  3.84s/it]
365it [23:43,  3.82s/it]
366it [23:47,  3.81s/it]
367it [23:51,  3.84s/it]
368it [23:55,  3.85s/it]
369it [23:59,  3.87s/it]
370it [24:02,  3.81s/it]
371it [24:06,  3.84s/it]
372it [24:10,  3.86s/it]
373it [24:14,  3.90s/it]
374it [24:18,  3.90s/it]
375it [24:22,  3.99s/it]
376it [24:26,  4.01s/it]
377it [24:30,  3.98s/it]
378it [24:33,  3.80s/it]
378it [24:33,  3.90s/it]

  0%|          | 0/48 [00:00<?, ?it/s]
  2%|▏         | 1/48 [00:04<03:11,  4.07s/it]
  4%|▍         | 2/48 [00:08<03:06,  4.06s/it]
  6%|▋         | 3/48 [00:12<03:07,  4.17s/it]
  8%|▊         | 4/48 [00:16<03:04,  4.20s/it]
 10%|█         | 5/48 [00:20<02:57,  4.12s/it]
 12%|█▎        | 6/48 [00:24<02:50,  4.07s/it]
 15%|█▍        | 7/48 [00:28<02:46,  4.05s/it]
 17%|█▋        | 8/48 [00:32<02:42,  4.07s/it]
 19%|█▉        | 9/48 [00:36<02:37,  4.04s/it]
 21%|██        | 10/48 [00:40<02:33,  4.03s/it]
 23%|██▎       | 11/48 [00:44<02:27,  3.97s/it]
 25%|██▌       | 12/48 [00:48<02:21,  3.92s/it]
 27%|██▋       | 13/48 [00:52<02:16,  3.91s/it]
 29%|██▉       | 14/48 [00:56<02:12,  3.91s/it]
 31%|███▏      | 15/48 [01:00<02:08,  3.89s/it]
 33%|███▎      | 16/48 [01:03<02:04,  3.90s/it]
 35%|███▌      | 17/48 [01:07<02:01,  3.91s/it]
 38%|███▊      | 18/48 [01:11<01:56,  3.89s/it]
 40%|███▉      | 19/48 [01:15<01:54,  3.94s/it]
 42%|████▏     | 20/48 [01:19<01:51,  3.97s/it]
 44%|████▍     | 21/48 [01:23<01:47,  3.97s/it]
 46%|████▌     | 22/48 [01:27<01:43,  3.99s/it]
 48%|████▊     | 23/48 [01:31<01:40,  4.03s/it]
 50%|█████     | 24/48 [01:35<01:36,  4.02s/it]
 52%|█████▏    | 25/48 [01:39<01:32,  4.01s/it]
 54%|█████▍    | 26/48 [01:43<01:28,  4.02s/it]
 56%|█████▋    | 27/48 [01:47<01:24,  4.00s/it]
 58%|█████▊    | 28/48 [01:51<01:20,  4.02s/it]
 60%|██████    | 29/48 [01:55<01:15,  3.97s/it]
 62%|██████▎   | 30/48 [01:59<01:10,  3.92s/it]
 65%|██████▍   | 31/48 [02:03<01:07,  3.95s/it]
 67%|██████▋   | 32/48 [02:07<01:03,  3.96s/it]
 69%|██████▉   | 33/48 [02:11<00:59,  3.94s/it]
 71%|███████   | 34/48 [02:15<00:54,  3.92s/it]
 73%|███████▎  | 35/48 [02:19<00:51,  3.94s/it]
 75%|███████▌  | 36/48 [02:22<00:44,  3.67s/it]
 77%|███████▋  | 37/48 [02:26<00:41,  3.77s/it]
 79%|███████▉  | 38/48 [02:30<00:38,  3.85s/it]
 81%|████████▏ | 39/48 [02:34<00:35,  3.93s/it]
 83%|████████▎ | 40/48 [02:38<00:31,  3.98s/it]
 85%|████████▌ | 41/48 [02:42<00:28,  4.04s/it]
 88%|████████▊ | 42/48 [02:47<00:24,  4.13s/it]
 90%|████████▉ | 43/48 [02:51<00:20,  4.16s/it]
 92%|█████████▏| 44/48 [02:55<00:16,  4.09s/it]
 94%|█████████▍| 45/48 [02:59<00:11,  3.96s/it]
 96%|█████████▌| 46/48 [03:02<00:07,  3.90s/it]
 98%|█████████▊| 47/48 [03:06<00:03,  3.89s/it]
100%|██████████| 48/48 [03:07<00:00,  3.00s/it]
100%|██████████| 48/48 [03:07<00:00,  3.91s/it]
Epoch: 3/20, Val_Acc: 79.82136950049619

0it [00:00, ?it/s]
1it [00:03,  3.90s/it]
2it [00:07,  3.90s/it]
3it [00:11,  3.96s/it]
4it [00:15,  3.93s/it]
5it [00:19,  3.95s/it]
6it [00:23,  4.01s/it]
7it [00:28,  4.07s/it]
8it [00:32,  4.11s/it]
9it [00:36,  4.17s/it]
10it [00:40,  4.14s/it]
11it [00:44,  4.12s/it]
12it [00:48,  4.13s/it]
13it [00:52,  4.09s/it]
14it [00:56,  4.05s/it]
15it [01:00,  4.00s/it]
16it [01:04,  3.96s/it]
17it [01:08,  3.98s/it]
18it [01:12,  4.00s/it]
19it [01:16,  4.05s/it]
20it [01:20,  4.03s/it]
21it [01:24,  4.04s/it]
22it [01:28,  4.05s/it]
23it [01:33,  4.09s/it]
24it [01:36,  3.87s/it]
25it [01:39,  3.77s/it]
26it [01:43,  3.76s/it]
27it [01:47,  3.82s/it]
28it [01:51,  3.86s/it]
29it [01:55,  3.86s/it]
30it [01:59,  3.85s/it]
31it [02:03,  3.90s/it]
32it [02:07,  3.87s/it]
33it [02:10,  3.69s/it]
34it [02:13,  3.67s/it]
35it [02:17,  3.75s/it]
36it [02:21,  3.73s/it]
37it [02:25,  3.70s/it]
38it [02:29,  3.74s/it]
39it [02:32,  3.79s/it]
40it [02:36,  3.83s/it]
41it [02:40,  3.77s/it]
42it [02:44,  3.81s/it]
43it [02:48,  3.91s/it]
44it [02:52,  4.00s/it]
45it [02:56,  4.05s/it]
46it [03:00,  4.04s/it]
47it [03:05,  4.06s/it]
48it [03:08,  4.00s/it]
49it [03:13,  4.09s/it]
50it [03:17,  4.13s/it]
51it [03:21,  4.12s/it]
52it [03:25,  4.06s/it]
53it [03:29,  4.07s/it]
54it [03:33,  4.06s/it]
55it [03:37,  4.05s/it]
56it [03:41,  3.99s/it]
57it [03:45,  4.02s/it]
58it [03:49,  4.03s/it]
59it [03:53,  4.01s/it]
60it [03:57,  3.99s/it]
61it [04:01,  4.00s/it]
62it [04:05,  4.01s/it]
63it [04:09,  4.00s/it]
64it [04:13,  4.00s/it]
65it [04:17,  4.03s/it]
66it [04:21,  4.03s/it]
67it [04:25,  4.09s/it]
68it [04:30,  4.10s/it]
69it [04:34,  4.09s/it]
70it [04:38,  4.08s/it]
71it [04:42,  4.11s/it]
72it [04:46,  4.10s/it]
73it [04:50,  4.07s/it]
74it [04:54,  4.04s/it]
75it [04:57,  3.86s/it]
76it [05:02,  3.99s/it]
77it [05:06,  4.03s/it]
78it [05:10,  4.03s/it]
79it [05:14,  3.97s/it]
80it [05:18,  4.00s/it]
81it [05:22,  4.01s/it]
82it [05:25,  3.91s/it]
83it [05:29,  3.88s/it]
84it [05:33,  3.86s/it]
85it [05:37,  3.79s/it]
86it [05:41,  3.88s/it]
87it [05:45,  3.94s/it]
88it [05:49,  3.96s/it]
89it [05:53,  4.00s/it]
90it [05:57,  4.01s/it]
91it [06:01,  4.02s/it]
92it [06:05,  3.93s/it]
93it [06:09,  3.96s/it]
94it [06:13,  3.96s/it]
95it [06:17,  3.96s/it]
96it [06:21,  3.98s/it]
97it [06:25,  4.01s/it]
98it [06:29,  3.99s/it]
99it [06:33,  3.94s/it]
100it [06:37,  3.95s/it]
101it [06:41,  3.97s/it]
102it [06:45,  3.98s/it]
103it [06:49,  4.03s/it]
104it [06:53,  4.06s/it]
105it [06:57,  4.09s/it]
106it [07:01,  4.07s/it]
107it [07:05,  4.07s/it]
108it [07:09,  4.05s/it]
109it [07:13,  4.05s/it]
110it [07:17,  4.05s/it]
111it [07:21,  3.95s/it]
112it [07:25,  3.97s/it]
113it [07:29,  3.99s/it]
114it [07:33,  4.00s/it]
115it [07:37,  4.01s/it]
116it [07:41,  3.95s/it]
117it [07:45,  4.02s/it]
118it [07:49,  3.92s/it]
119it [07:53,  4.00s/it]
120it [07:57,  4.03s/it]
121it [08:01,  4.08s/it]
122it [08:05,  4.13s/it]
123it [08:09,  4.10s/it]
124it [08:14,  4.11s/it]
125it [08:18,  4.07s/it]
126it [08:21,  4.00s/it]
127it [08:25,  4.00s/it]
128it [08:29,  4.00s/it]
129it [08:33,  4.02s/it]
130it [08:38,  4.07s/it]
131it [08:42,  4.04s/it]
132it [08:46,  4.01s/it]
133it [08:50,  4.01s/it]
134it [08:54,  4.01s/it]
135it [08:57,  3.99s/it]
136it [09:01,  3.99s/it]
137it [09:05,  3.91s/it]
138it [09:09,  3.85s/it]
139it [09:13,  3.92s/it]
140it [09:17,  3.90s/it]
141it [09:21,  3.88s/it]
142it [09:25,  3.94s/it]
143it [09:29,  3.98s/it]
144it [09:33,  3.98s/it]
145it [09:37,  3.96s/it]
146it [09:41,  3.94s/it]
147it [09:45,  4.01s/it]
148it [09:49,  4.02s/it]
149it [09:53,  4.02s/it]
150it [09:57,  4.02s/it]
151it [10:01,  3.97s/it]
152it [10:05,  3.93s/it]
153it [10:08,  3.92s/it]
154it [10:12,  3.94s/it]
155it [10:16,  3.96s/it]
156it [10:20,  3.95s/it]
157it [10:24,  3.98s/it]
158it [10:28,  3.97s/it]
159it [10:32,  4.00s/it]
160it [10:36,  3.97s/it]
161it [10:40,  3.96s/it]
162it [10:44,  4.00s/it]
163it [10:48,  3.99s/it]
164it [10:52,  3.95s/it]
165it [10:56,  3.85s/it]
166it [10:59,  3.78s/it]
167it [11:03,  3.73s/it]
168it [11:07,  3.74s/it]
169it [11:11,  3.82s/it]
170it [11:15,  3.88s/it]
171it [11:19,  3.86s/it]
172it [11:23,  3.86s/it]
173it [11:26,  3.80s/it]
174it [11:30,  3.85s/it]
175it [11:34,  3.89s/it]
176it [11:38,  3.85s/it]
177it [11:42,  3.86s/it]
178it [11:46,  3.90s/it]
179it [11:50,  3.95s/it]
180it [11:54,  3.94s/it]
181it [11:58,  3.96s/it]
182it [12:02,  3.95s/it]
183it [12:05,  3.89s/it]
184it [12:09,  3.85s/it]
185it [12:13,  3.87s/it]
186it [12:17,  3.87s/it]
187it [12:21,  3.90s/it]
188it [12:25,  3.94s/it]
189it [12:29,  3.98s/it]
190it [12:33,  3.97s/it]
191it [12:37,  4.01s/it]
192it [12:41,  4.06s/it]
193it [12:46,  4.12s/it]
194it [12:50,  4.12s/it]
195it [12:54,  4.08s/it]
196it [12:58,  4.12s/it]
197it [13:02,  4.14s/it]
198it [13:06,  4.08s/it]
199it [13:10,  4.04s/it]
200it [13:14,  4.02s/it]
201it [13:18,  4.00s/it]
202it [13:22,  3.98s/it]
203it [13:26,  3.94s/it]
204it [13:29,  3.90s/it]
205it [13:33,  3.95s/it]
206it [13:38,  3.99s/it]
207it [13:42,  4.01s/it]
208it [13:45,  3.96s/it]
209it [13:49,  3.93s/it]
210it [13:53,  3.94s/it]
211it [13:57,  3.95s/it]
212it [14:01,  3.97s/it]
213it [14:05,  4.01s/it]
214it [14:09,  3.97s/it]
215it [14:13,  3.97s/it]
216it [14:17,  3.99s/it]
217it [14:21,  4.00s/it]
218it [14:25,  3.97s/it]
219it [14:29,  3.98s/it]
220it [14:33,  4.00s/it]
221it [14:37,  4.03s/it]
222it [14:41,  4.01s/it]
223it [14:45,  3.97s/it]
224it [14:49,  3.90s/it]
225it [14:52,  3.78s/it]
226it [14:56,  3.75s/it]
227it [15:00,  3.74s/it]
228it [15:03,  3.73s/it]
229it [15:07,  3.78s/it]
230it [15:11,  3.82s/it]
231it [15:15,  3.83s/it]
232it [15:18,  3.65s/it]
233it [15:21,  3.44s/it]
234it [15:25,  3.58s/it]
235it [15:29,  3.68s/it]
236it [15:33,  3.73s/it]
237it [15:37,  3.80s/it]
238it [15:41,  3.94s/it]
239it [15:45,  3.95s/it]
240it [15:49,  3.92s/it]
241it [15:53,  3.98s/it]
242it [15:57,  3.98s/it]
243it [16:01,  4.00s/it]
244it [16:05,  4.06s/it]
245it [16:10,  4.08s/it]
246it [16:14,  4.06s/it]
247it [16:18,  4.08s/it]
248it [16:22,  4.09s/it]
249it [16:26,  4.08s/it]
250it [16:30,  4.09s/it]
251it [16:34,  4.06s/it]
252it [16:38,  4.04s/it]
253it [16:42,  4.02s/it]
254it [16:46,  4.00s/it]
255it [16:50,  4.06s/it]
256it [16:54,  4.08s/it]
257it [16:58,  4.06s/it]
258it [17:02,  4.07s/it]
259it [17:06,  4.05s/it]
260it [17:10,  4.00s/it]
261it [17:14,  4.05s/it]
262it [17:18,  4.05s/it]
263it [17:23,  4.07s/it]
264it [17:27,  4.07s/it]
265it [17:31,  4.05s/it]
266it [17:35,  4.03s/it]
267it [17:39,  4.06s/it]
268it [17:43,  4.06s/it]
269it [17:47,  4.05s/it]
270it [17:51,  4.04s/it]
271it [17:55,  4.07s/it]
272it [17:59,  4.06s/it]
273it [18:03,  4.02s/it]
274it [18:07,  3.97s/it]
275it [18:11,  3.95s/it]
276it [18:15,  4.03s/it]
277it [18:19,  4.04s/it]
278it [18:23,  4.01s/it]
279it [18:27,  4.05s/it]
280it [18:31,  4.05s/it]
281it [18:35,  4.11s/it]
282it [18:40,  4.13s/it]
283it [18:44,  4.15s/it]
284it [18:48,  4.11s/it]
285it [18:51,  3.90s/it]
286it [18:55,  3.91s/it]
287it [18:59,  3.94s/it]
288it [19:03,  3.98s/it]
289it [19:07,  4.03s/it]
290it [19:12,  4.11s/it]
291it [19:16,  4.14s/it]
292it [19:20,  4.14s/it]
293it [19:24,  4.08s/it]
294it [19:28,  3.99s/it]
295it [19:32,  4.00s/it]
296it [19:36,  4.08s/it]
297it [19:40,  4.11s/it]
298it [19:44,  4.11s/it]
299it [19:48,  4.08s/it]
300it [19:52,  4.04s/it]
301it [19:56,  4.08s/it]
302it [20:01,  4.18s/it]
303it [20:05,  4.21s/it]
304it [20:09,  4.19s/it]
305it [20:13,  4.17s/it]
306it [20:17,  4.15s/it]
307it [20:22,  4.15s/it]
308it [20:26,  4.20s/it]
309it [20:30,  4.25s/it]
310it [20:35,  4.29s/it]
311it [20:39,  4.31s/it]
312it [20:43,  4.32s/it]
313it [20:48,  4.33s/it]
314it [20:52,  4.29s/it]
315it [20:56,  4.28s/it]
316it [21:00,  4.21s/it]
317it [21:04,  4.20s/it]
318it [21:08,  4.16s/it]
319it [21:13,  4.20s/it]
320it [21:17,  4.21s/it]
321it [21:21,  4.20s/it]
322it [21:25,  4.16s/it]
323it [21:29,  4.17s/it]
324it [21:34,  4.20s/it]
325it [21:38,  4.22s/it]
326it [21:42,  4.26s/it]
327it [21:47,  4.25s/it]
328it [21:51,  4.25s/it]
329it [21:55,  4.26s/it]
330it [21:59,  4.21s/it]
331it [22:03,  4.21s/it]
332it [22:08,  4.19s/it]
333it [22:12,  4.22s/it]
334it [22:16,  4.22s/it]
335it [22:20,  4.26s/it]
336it [22:25,  4.26s/it]
337it [22:29,  4.27s/it]
338it [22:33,  4.22s/it]
339it [22:37,  4.17s/it]
340it [22:41,  4.10s/it]
341it [22:45,  4.07s/it]
342it [22:49,  4.06s/it]
343it [22:53,  4.06s/it]
344it [22:57,  4.10s/it]
345it [23:01,  4.08s/it]
346it [23:06,  4.10s/it]
347it [23:10,  4.12s/it]
348it [23:14,  4.17s/it]
349it [23:18,  4.14s/it]
350it [23:22,  4.15s/it]
351it [23:26,  4.15s/it]
352it [23:31,  4.16s/it]
353it [23:35,  4.11s/it]
354it [23:39,  4.11s/it]
355it [23:43,  4.08s/it]
356it [23:47,  4.06s/it]
357it [23:51,  4.09s/it]
358it [23:55,  4.06s/it]
359it [23:59,  4.09s/it]
360it [24:03,  4.13s/it]
361it [24:07,  4.16s/it]
362it [24:12,  4.17s/it]
363it [24:16,  4.19s/it]
364it [24:20,  4.17s/it]
365it [24:24,  4.14s/it]
366it [24:28,  4.10s/it]
367it [24:32,  4.14s/it]
368it [24:37,  4.16s/it]
369it [24:41,  4.26s/it]
370it [24:45,  4.24s/it]
371it [24:50,  4.26s/it]
372it [24:54,  4.23s/it]
373it [24:58,  4.18s/it]
374it [25:02,  4.14s/it]
375it [25:06,  4.17s/it]
376it [25:10,  4.15s/it]
377it [25:14,  4.16s/it]
378it [25:18,  3.96s/it]
378it [25:18,  4.02s/it]

  0%|          | 0/48 [00:00<?, ?it/s]
  2%|▏         | 1/48 [00:04<03:09,  4.04s/it]
  4%|▍         | 2/48 [00:08<03:03,  3.99s/it]
  6%|▋         | 3/48 [00:12<03:02,  4.05s/it]
  8%|▊         | 4/48 [00:16<02:58,  4.07s/it]
 10%|█         | 5/48 [00:20<02:56,  4.11s/it]
 12%|█▎        | 6/48 [00:24<02:54,  4.16s/it]
 15%|█▍        | 7/48 [00:28<02:50,  4.16s/it]
 17%|█▋        | 8/48 [00:33<02:47,  4.20s/it]
 19%|█▉        | 9/48 [00:37<02:43,  4.20s/it]
 21%|██        | 10/48 [00:41<02:38,  4.16s/it]
 23%|██▎       | 11/48 [00:45<02:34,  4.17s/it]
 25%|██▌       | 12/48 [00:49<02:29,  4.14s/it]
 27%|██▋       | 13/48 [00:53<02:24,  4.12s/it]
 29%|██▉       | 14/48 [00:57<02:21,  4.15s/it]
 31%|███▏      | 15/48 [01:02<02:16,  4.13s/it]
 33%|███▎      | 16/48 [01:06<02:11,  4.11s/it]
 35%|███▌      | 17/48 [01:09<02:04,  4.01s/it]
 38%|███▊      | 18/48 [01:14<02:02,  4.07s/it]
 40%|███▉      | 19/48 [01:18<01:59,  4.13s/it]
 42%|████▏     | 20/48 [01:22<01:56,  4.16s/it]
 44%|████▍     | 21/48 [01:26<01:53,  4.20s/it]
 46%|████▌     | 22/48 [01:31<01:49,  4.20s/it]
 48%|████▊     | 23/48 [01:35<01:45,  4.20s/it]
 50%|█████     | 24/48 [01:39<01:39,  4.13s/it]
 52%|█████▏    | 25/48 [01:43<01:33,  4.08s/it]
 54%|█████▍    | 26/48 [01:47<01:30,  4.11s/it]
 56%|█████▋    | 27/48 [01:51<01:25,  4.09s/it]
 58%|█████▊    | 28/48 [01:55<01:20,  4.04s/it]
 60%|██████    | 29/48 [01:59<01:16,  4.01s/it]
 62%|██████▎   | 30/48 [02:03<01:12,  4.02s/it]
 65%|██████▍   | 31/48 [02:06<01:06,  3.92s/it]
 67%|██████▋   | 32/48 [02:10<00:59,  3.74s/it]
 69%|██████▉   | 33/48 [02:14<00:57,  3.82s/it]
 71%|███████   | 34/48 [02:18<00:54,  3.90s/it]
 73%|███████▎  | 35/48 [02:22<00:51,  3.97s/it]
 75%|███████▌  | 36/48 [02:26<00:48,  4.00s/it]
 77%|███████▋  | 37/48 [02:30<00:44,  4.01s/it]
 79%|███████▉  | 38/48 [02:34<00:40,  4.01s/it]
 81%|████████▏ | 39/48 [02:38<00:36,  4.02s/it]
 83%|████████▎ | 40/48 [02:42<00:31,  3.96s/it]
 85%|████████▌ | 41/48 [02:46<00:27,  3.98s/it]
 88%|████████▊ | 42/48 [02:50<00:24,  4.01s/it]
 90%|████████▉ | 43/48 [02:54<00:20,  4.06s/it]
 92%|█████████▏| 44/48 [02:58<00:16,  4.09s/it]
 94%|█████████▍| 45/48 [03:03<00:12,  4.11s/it]
 96%|█████████▌| 46/48 [03:07<00:08,  4.14s/it]
 98%|█████████▊| 47/48 [03:11<00:04,  4.11s/it]
100%|██████████| 48/48 [03:12<00:00,  3.17s/it]
100%|██████████| 48/48 [03:12<00:00,  4.01s/it]
Epoch: 4/20, Val_Acc: 81.14455838570956

0it [00:00, ?it/s]
1it [00:04,  4.11s/it]
2it [00:08,  4.09s/it]
3it [00:12,  4.16s/it]
4it [00:16,  4.10s/it]
5it [00:20,  4.09s/it]
6it [00:24,  4.04s/it]
7it [00:27,  3.81s/it]
8it [00:31,  3.78s/it]
9it [00:35,  3.89s/it]
10it [00:39,  3.95s/it]
11it [00:43,  3.99s/it]
12it [00:47,  4.00s/it]
13it [00:51,  4.00s/it]
14it [00:55,  3.96s/it]
15it [00:59,  3.98s/it]
16it [01:03,  4.00s/it]
17it [01:07,  4.03s/it]
18it [01:11,  4.00s/it]
19it [01:15,  4.04s/it]
20it [01:19,  4.05s/it]
21it [01:24,  4.05s/it]
22it [01:28,  4.03s/it]
23it [01:32,  4.06s/it]
24it [01:36,  4.10s/it]
25it [01:40,  4.12s/it]
26it [01:44,  4.13s/it]
27it [01:48,  4.11s/it]
28it [01:52,  4.12s/it]
29it [01:57,  4.14s/it]
30it [02:01,  4.11s/it]
31it [02:05,  4.12s/it]
32it [02:09,  4.09s/it]
33it [02:13,  4.10s/it]
34it [02:17,  4.08s/it]
35it [02:21,  4.09s/it]
36it [02:25,  4.07s/it]
37it [02:29,  4.06s/it]
38it [02:33,  4.04s/it]
39it [02:37,  4.05s/it]
40it [02:41,  4.08s/it]
41it [02:46,  4.12s/it]
42it [02:50,  4.12s/it]
43it [02:54,  4.13s/it]
44it [02:58,  4.14s/it]
45it [03:02,  4.14s/it]
46it [03:06,  4.10s/it]
47it [03:10,  4.07s/it]
48it [03:14,  4.01s/it]
49it [03:18,  4.04s/it]
50it [03:22,  4.08s/it]
51it [03:27,  4.13s/it]
52it [03:31,  4.15s/it]
53it [03:35,  4.13s/it]
54it [03:39,  4.10s/it]
55it [03:43,  4.08s/it]
56it [03:47,  4.09s/it]
57it [03:51,  4.09s/it]
58it [03:55,  4.10s/it]
59it [03:59,  4.13s/it]
60it [04:04,  4.15s/it]
61it [04:08,  4.14s/it]
62it [04:12,  4.15s/it]
63it [04:16,  4.14s/it]
64it [04:20,  4.10s/it]
65it [04:24,  4.09s/it]
66it [04:28,  4.11s/it]
67it [04:32,  4.13s/it]
68it [04:36,  4.12s/it]
69it [04:41,  4.10s/it]
70it [04:45,  4.06s/it]
71it [04:49,  4.11s/it]
72it [04:53,  4.08s/it]
73it [04:57,  4.05s/it]
74it [05:01,  4.03s/it]
75it [05:05,  4.02s/it]
76it [05:09,  4.03s/it]
77it [05:13,  4.01s/it]
78it [05:17,  4.01s/it]
79it [05:21,  4.03s/it]
80it [05:25,  4.04s/it]
81it [05:29,  4.11s/it]
82it [05:33,  4.11s/it]
83it [05:37,  4.09s/it]
84it [05:41,  4.08s/it]
85it [05:45,  4.07s/it]
86it [05:49,  4.06s/it]
87it [05:53,  4.05s/it]
88it [05:57,  4.01s/it]
89it [06:01,  4.01s/it]
90it [06:06,  4.05s/it]
91it [06:10,  4.06s/it]
92it [06:14,  4.03s/it]
93it [06:18,  4.02s/it]
94it [06:22,  4.09s/it]
95it [06:26,  4.11s/it]
96it [06:30,  4.11s/it]
97it [06:34,  4.14s/it]
98it [06:38,  4.11s/it]
99it [06:42,  4.12s/it]
100it [06:46,  4.08s/it]
101it [06:50,  4.05s/it]
102it [06:55,  4.08s/it]
103it [06:59,  4.05s/it]
104it [07:03,  4.07s/it]
105it [07:07,  4.06s/it]
106it [07:11,  4.07s/it]
107it [07:15,  4.06s/it]
108it [07:19,  4.05s/it]
109it [07:23,  4.07s/it]
110it [07:27,  4.07s/it]
111it [07:31,  4.05s/it]
112it [07:35,  4.03s/it]
113it [07:39,  4.03s/it]
114it [07:43,  4.02s/it]
115it [07:47,  4.05s/it]
116it [07:51,  4.03s/it]
117it [07:55,  4.05s/it]
118it [07:59,  4.04s/it]
119it [08:03,  4.06s/it]
120it [08:07,  4.06s/it]
121it [08:11,  4.03s/it]
122it [08:15,  3.98s/it]
123it [08:19,  3.97s/it]
124it [08:23,  3.93s/it]
125it [08:27,  3.95s/it]
126it [08:31,  3.94s/it]
127it [08:35,  3.95s/it]
128it [08:39,  3.95s/it]
129it [08:43,  3.92s/it]
130it [08:47,  3.95s/it]
131it [08:51,  3.99s/it]
132it [08:55,  4.00s/it]
133it [08:59,  3.97s/it]
134it [09:03,  3.98s/it]
135it [09:07,  3.99s/it]
136it [09:11,  4.00s/it]
137it [09:15,  4.03s/it]
138it [09:19,  3.99s/it]
139it [09:23,  3.99s/it]
140it [09:27,  3.99s/it]
141it [09:31,  4.01s/it]
142it [09:35,  4.03s/it]
143it [09:39,  4.03s/it]
144it [09:43,  3.96s/it]
145it [09:47,  3.99s/it]
146it [09:51,  4.05s/it]
147it [09:55,  4.05s/it]
148it [09:59,  4.02s/it]
149it [10:03,  4.04s/it]
150it [10:07,  4.04s/it]
151it [10:11,  4.03s/it]
152it [10:15,  4.03s/it]
153it [10:19,  4.04s/it]
154it [10:23,  4.00s/it]
155it [10:27,  4.01s/it]
156it [10:31,  4.03s/it]
157it [10:35,  4.02s/it]
158it [10:39,  3.99s/it]
159it [10:43,  4.00s/it]
160it [10:47,  4.00s/it]
161it [10:51,  4.00s/it]
162it [10:55,  3.98s/it]
163it [10:59,  3.95s/it]
164it [11:03,  3.94s/it]
165it [11:07,  3.97s/it]
166it [11:11,  3.98s/it]
167it [11:15,  3.96s/it]
168it [11:19,  3.97s/it]
169it [11:23,  3.99s/it]
170it [11:27,  4.02s/it]
171it [11:31,  3.98s/it]
172it [11:35,  3.92s/it]
173it [11:39,  3.94s/it]
174it [11:43,  3.94s/it]
175it [11:47,  3.92s/it]
176it [11:50,  3.86s/it]
177it [11:54,  3.88s/it]
178it [11:58,  3.93s/it]
179it [12:02,  3.94s/it]
180it [12:06,  3.96s/it]
181it [12:10,  3.96s/it]
182it [12:14,  3.98s/it]
183it [12:18,  3.99s/it]
184it [12:22,  3.98s/it]
185it [12:26,  3.97s/it]
186it [12:30,  3.94s/it]
187it [12:34,  3.94s/it]
188it [12:38,  3.91s/it]
189it [12:42,  3.89s/it]
190it [12:46,  3.94s/it]
191it [12:50,  3.96s/it]
192it [12:54,  3.97s/it]
193it [12:58,  3.99s/it]
194it [13:02,  3.96s/it]
195it [13:05,  3.95s/it]
196it [13:10,  3.98s/it]
197it [13:13,  3.95s/it]
198it [13:17,  3.93s/it]
199it [13:21,  3.89s/it]
200it [13:25,  3.91s/it]
201it [13:29,  3.92s/it]
202it [13:33,  3.93s/it]
203it [13:37,  3.95s/it]
204it [13:41,  3.94s/it]
205it [13:45,  3.94s/it]
206it [13:49,  3.95s/it]
207it [13:53,  3.97s/it]
208it [13:57,  3.97s/it]
209it [14:01,  3.95s/it]
210it [14:05,  3.95s/it]
211it [14:09,  3.96s/it]
212it [14:13,  3.96s/it]
213it [14:17,  3.99s/it]
214it [14:21,  4.11s/it]
215it [14:25,  4.14s/it]
216it [14:29,  4.14s/it]
217it [14:33,  4.12s/it]
218it [14:37,  4.05s/it]
219it [14:41,  3.99s/it]
220it [14:45,  3.98s/it]
221it [14:49,  3.98s/it]
222it [14:53,  4.02s/it]
223it [14:57,  3.95s/it]
224it [15:01,  3.95s/it]
225it [15:05,  3.99s/it]
226it [15:09,  3.98s/it]
227it [15:13,  4.01s/it]
228it [15:17,  4.04s/it]
229it [15:21,  4.04s/it]
230it [15:25,  3.95s/it]
231it [15:29,  3.87s/it]
232it [15:33,  3.88s/it]
233it [15:37,  3.92s/it]
234it [15:40,  3.84s/it]
235it [15:44,  3.90s/it]
236it [15:48,  3.93s/it]
237it [15:52,  3.95s/it]
238it [15:56,  3.99s/it]
239it [16:00,  3.99s/it]
240it [16:04,  3.99s/it]
241it [16:08,  4.00s/it]
242it [16:12,  4.00s/it]
243it [16:16,  3.97s/it]
244it [16:20,  3.95s/it]
245it [16:24,  3.97s/it]
246it [16:28,  3.96s/it]
247it [16:32,  3.93s/it]
248it [16:36,  3.89s/it]
249it [16:40,  3.94s/it]
250it [16:43,  3.80s/it]
251it [16:47,  3.86s/it]
252it [16:51,  3.85s/it]
253it [16:55,  3.87s/it]
254it [16:59,  3.90s/it]
255it [17:03,  3.96s/it]
256it [17:07,  3.97s/it]
257it [17:11,  3.96s/it]
258it [17:15,  3.92s/it]
259it [17:19,  3.94s/it]
260it [17:23,  3.91s/it]
261it [17:27,  3.95s/it]
262it [17:31,  3.95s/it]
263it [17:35,  3.95s/it]
264it [17:38,  3.93s/it]
265it [17:42,  3.94s/it]
266it [17:46,  3.96s/it]
267it [17:51,  3.98s/it]
268it [17:54,  3.98s/it]
269it [17:58,  3.99s/it]
270it [18:02,  3.98s/it]
271it [18:06,  3.97s/it]
272it [18:10,  3.93s/it]
273it [18:14,  3.95s/it]
274it [18:18,  3.96s/it]
275it [18:22,  3.96s/it]
276it [18:26,  3.99s/it]
277it [18:30,  4.05s/it]
278it [18:34,  4.04s/it]
279it [18:39,  4.10s/it]
280it [18:43,  4.06s/it]
281it [18:47,  4.07s/it]
282it [18:51,  4.05s/it]
283it [18:55,  4.05s/it]
284it [18:59,  4.00s/it]
285it [19:03,  4.01s/it]
286it [19:07,  4.02s/it]
287it [19:11,  4.01s/it]
288it [19:15,  4.02s/it]
289it [19:19,  4.01s/it]
290it [19:23,  3.98s/it]
291it [19:27,  3.97s/it]
292it [19:31,  3.98s/it]
293it [19:35,  4.00s/it]
294it [19:39,  3.98s/it]
295it [19:43,  3.99s/it]
296it [19:47,  4.00s/it]
297it [19:51,  4.02s/it]
298it [19:55,  4.01s/it]
299it [19:59,  4.01s/it]
300it [20:03,  4.00s/it]
301it [20:07,  4.00s/it]
302it [20:11,  3.97s/it]
303it [20:15,  3.96s/it]
304it [20:18,  3.96s/it]
305it [20:23,  3.99s/it]
306it [20:26,  3.99s/it]
307it [20:31,  4.02s/it]
308it [20:35,  4.03s/it]
309it [20:39,  4.05s/it]
310it [20:43,  4.06s/it]
311it [20:47,  4.04s/it]
312it [20:51,  4.00s/it]
313it [20:55,  4.02s/it]
314it [20:59,  3.96s/it]
315it [21:03,  3.98s/it]
316it [21:07,  4.01s/it]
317it [21:11,  4.00s/it]
318it [21:15,  3.99s/it]
319it [21:19,  4.04s/it]
320it [21:23,  4.00s/it]
321it [21:27,  4.04s/it]
322it [21:31,  3.98s/it]
323it [21:35,  3.98s/it]
324it [21:39,  3.94s/it]
325it [21:43,  3.95s/it]
326it [21:46,  3.92s/it]
327it [21:50,  3.90s/it]
328it [21:54,  3.87s/it]
329it [21:58,  3.88s/it]
330it [22:02,  3.84s/it]
331it [22:05,  3.82s/it]
332it [22:09,  3.85s/it]
333it [22:13,  3.93s/it]
334it [22:18,  3.97s/it]
335it [22:22,  3.98s/it]
336it [22:25,  3.96s/it]
337it [22:29,  3.95s/it]
338it [22:33,  3.95s/it]
339it [22:37,  3.98s/it]
340it [22:41,  3.99s/it]
341it [22:45,  3.98s/it]
342it [22:49,  4.00s/it]
343it [22:53,  4.02s/it]
344it [22:57,  4.02s/it]
345it [23:01,  4.01s/it]
346it [23:05,  3.98s/it]
347it [23:09,  3.95s/it]
348it [23:13,  3.94s/it]
349it [23:17,  3.97s/it]
350it [23:21,  4.00s/it]
351it [23:25,  3.97s/it]
352it [23:29,  3.99s/it]
353it [23:33,  4.00s/it]
354it [23:37,  4.01s/it]
355it [23:41,  3.99s/it]
356it [23:45,  4.00s/it]
357it [23:49,  4.00s/it]
358it [23:53,  4.01s/it]
359it [23:57,  3.99s/it]
360it [24:01,  3.95s/it]
361it [24:05,  3.94s/it]
362it [24:09,  3.96s/it]
363it [24:13,  3.98s/it]
364it [24:17,  3.97s/it]
365it [24:21,  3.98s/it]
366it [24:25,  3.96s/it]
367it [24:29,  3.96s/it]
368it [24:33,  3.96s/it]
369it [24:37,  3.97s/it]
370it [24:41,  3.98s/it]
371it [24:45,  3.99s/it]
372it [24:49,  3.99s/it]
373it [24:53,  4.00s/it]
374it [24:57,  3.97s/it]
375it [25:01,  3.95s/it]
376it [25:05,  3.96s/it]
377it [25:09,  3.96s/it]
378it [25:12,  3.79s/it]
378it [25:12,  4.00s/it]

  0%|          | 0/48 [00:00<?, ?it/s]
  2%|▏         | 1/48 [00:04<03:22,  4.31s/it]
  4%|▍         | 2/48 [00:08<03:18,  4.32s/it]
  6%|▋         | 3/48 [00:12<03:13,  4.31s/it]
  8%|▊         | 4/48 [00:17<03:06,  4.24s/it]
 10%|█         | 5/48 [00:21<03:00,  4.20s/it]
 12%|█▎        | 6/48 [00:25<02:54,  4.17s/it]
 15%|█▍        | 7/48 [00:29<02:49,  4.13s/it]
 17%|█▋        | 8/48 [00:33<02:42,  4.07s/it]
 19%|█▉        | 9/48 [00:37<02:36,  4.02s/it]
 21%|██        | 10/48 [00:40<02:29,  3.93s/it]
 23%|██▎       | 11/48 [00:44<02:25,  3.95s/it]
 25%|██▌       | 12/48 [00:49<02:24,  4.02s/it]
 27%|██▋       | 13/48 [00:53<02:22,  4.07s/it]
 29%|██▉       | 14/48 [00:57<02:19,  4.10s/it]
 31%|███▏      | 15/48 [01:01<02:16,  4.14s/it]
 33%|███▎      | 16/48 [01:05<02:12,  4.14s/it]
 35%|███▌      | 17/48 [01:09<02:08,  4.13s/it]
 38%|███▊      | 18/48 [01:14<02:03,  4.13s/it]
 40%|███▉      | 19/48 [01:18<01:59,  4.13s/it]
 42%|████▏     | 20/48 [01:22<01:56,  4.16s/it]
 44%|████▍     | 21/48 [01:26<01:51,  4.14s/it]
 46%|████▌     | 22/48 [01:30<01:47,  4.13s/it]
 48%|████▊     | 23/48 [01:34<01:42,  4.10s/it]
 50%|█████     | 24/48 [01:38<01:38,  4.11s/it]
 52%|█████▏    | 25/48 [01:42<01:34,  4.13s/it]
 54%|█████▍    | 26/48 [01:47<01:31,  4.15s/it]
 56%|█████▋    | 27/48 [01:51<01:27,  4.15s/it]
 58%|█████▊    | 28/48 [01:55<01:22,  4.12s/it]
 60%|██████    | 29/48 [01:59<01:18,  4.13s/it]
 62%|██████▎   | 30/48 [02:03<01:14,  4.13s/it]
 65%|██████▍   | 31/48 [02:07<01:09,  4.11s/it]
 67%|██████▋   | 32/48 [02:11<01:05,  4.12s/it]
 69%|██████▉   | 33/48 [02:16<01:02,  4.17s/it]
 71%|███████   | 34/48 [02:20<00:58,  4.19s/it]
 73%|███████▎  | 35/48 [02:24<00:54,  4.19s/it]
 75%|███████▌  | 36/48 [02:28<00:49,  4.15s/it]
 77%|███████▋  | 37/48 [02:32<00:45,  4.11s/it]
 79%|███████▉  | 38/48 [02:36<00:40,  4.05s/it]
 81%|████████▏ | 39/48 [02:40<00:36,  4.09s/it]
 83%|████████▎ | 40/48 [02:44<00:32,  4.09s/it]
 85%|████████▌ | 41/48 [02:48<00:28,  4.07s/it]
 88%|████████▊ | 42/48 [02:52<00:24,  4.06s/it]
 90%|████████▉ | 43/48 [02:56<00:20,  4.07s/it]
 92%|█████████▏| 44/48 [03:00<00:16,  4.04s/it]
 94%|█████████▍| 45/48 [03:04<00:12,  4.02s/it]
 96%|█████████▌| 46/48 [03:09<00:08,  4.03s/it]
 98%|█████████▊| 47/48 [03:12<00:03,  3.87s/it]
100%|██████████| 48/48 [03:13<00:00,  3.01s/it]
100%|██████████| 48/48 [03:13<00:00,  4.03s/it]
Epoch: 5/20, Val_Acc: 82.17002977174992

0it [00:00, ?it/s]
1it [00:03,  3.95s/it]
2it [00:07,  4.01s/it]
3it [00:11,  3.89s/it]
4it [00:15,  3.94s/it]
5it [00:19,  3.95s/it]
6it [00:23,  4.01s/it]
7it [00:27,  4.05s/it]
8it [00:32,  4.04s/it]
9it [00:36,  4.09s/it]
10it [00:40,  4.07s/it]
11it [00:44,  4.04s/it]
12it [00:48,  4.02s/it]
13it [00:52,  4.01s/it]
14it [00:55,  3.93s/it]
15it [01:00,  4.00s/it]
16it [01:04,  4.01s/it]
17it [01:08,  4.07s/it]
18it [01:12,  4.13s/it]
19it [01:16,  4.12s/it]
20it [01:20,  4.12s/it]
21it [01:24,  4.12s/it]
22it [01:28,  4.09s/it]
23it [01:32,  4.03s/it]
24it [01:36,  3.99s/it]
25it [01:40,  3.96s/it]
26it [01:44,  3.97s/it]
27it [01:48,  4.02s/it]
28it [01:52,  4.03s/it]
29it [01:56,  4.04s/it]
30it [02:00,  4.05s/it]
31it [02:05,  4.07s/it]
32it [02:09,  4.04s/it]
33it [02:13,  4.05s/it]
34it [02:17,  4.03s/it]
35it [02:21,  4.03s/it]
36it [02:25,  4.08s/it]
37it [02:29,  4.08s/it]
38it [02:33,  4.08s/it]
39it [02:37,  4.10s/it]
40it [02:41,  4.07s/it]
41it [02:44,  3.83s/it]
42it [02:48,  3.87s/it]
43it [02:52,  3.95s/it]
44it [02:56,  3.96s/it]
45it [03:01,  4.04s/it]
46it [03:05,  4.03s/it]
47it [03:09,  4.06s/it]
48it [03:13,  4.10s/it]
49it [03:17,  4.11s/it]
50it [03:21,  4.11s/it]
51it [03:25,  4.13s/it]
52it [03:30,  4.16s/it]
53it [03:34,  4.16s/it]
54it [03:38,  4.11s/it]
55it [03:42,  4.10s/it]
56it [03:46,  4.16s/it]
57it [03:50,  4.17s/it]
58it [03:55,  4.15s/it]
59it [03:59,  4.12s/it]
60it [04:02,  4.05s/it]
61it [04:06,  4.03s/it]
62it [04:10,  4.01s/it]
63it [04:14,  4.01s/it]
64it [04:19,  4.04s/it]
65it [04:23,  4.03s/it]
66it [04:27,  4.03s/it]
67it [04:31,  4.06s/it]
68it [04:35,  4.02s/it]
69it [04:39,  4.04s/it]
70it [04:43,  4.02s/it]
71it [04:47,  4.08s/it]
72it [04:51,  4.11s/it]
73it [04:55,  4.14s/it]
74it [04:59,  4.14s/it]
75it [05:04,  4.18s/it]
76it [05:08,  4.21s/it]
77it [05:12,  4.24s/it]
78it [05:16,  4.23s/it]
79it [05:21,  4.26s/it]
80it [05:25,  4.28s/it]
81it [05:29,  4.27s/it]
82it [05:34,  4.25s/it]
83it [05:38,  4.21s/it]
84it [05:42,  4.16s/it]
85it [05:46,  4.20s/it]
86it [05:50,  4.19s/it]
87it [05:54,  4.19s/it]
88it [05:59,  4.22s/it]
89it [06:03,  4.21s/it]
90it [06:07,  4.19s/it]
91it [06:11,  4.17s/it]
92it [06:15,  4.08s/it]
93it [06:19,  4.08s/it]
94it [06:23,  4.08s/it]
95it [06:27,  4.09s/it]
96it [06:31,  4.09s/it]
97it [06:35,  4.10s/it]
98it [06:40,  4.10s/it]
99it [06:44,  4.06s/it]
100it [06:48,  4.05s/it]
101it [06:52,  4.07s/it]
102it [06:56,  4.07s/it]
103it [07:00,  4.07s/it]
104it [07:04,  4.14s/it]
105it [07:08,  4.13s/it]
106it [07:12,  4.10s/it]
107it [07:16,  4.11s/it]
108it [07:20,  4.08s/it]
109it [07:24,  4.04s/it]
110it [07:28,  4.06s/it]
111it [07:33,  4.07s/it]
112it [07:37,  4.08s/it]
113it [07:41,  4.04s/it]
114it [07:45,  4.04s/it]
115it [07:49,  4.02s/it]
116it [07:53,  4.06s/it]
117it [07:57,  4.06s/it]
118it [08:01,  4.10s/it]
119it [08:05,  4.13s/it]
120it [08:09,  4.15s/it]
121it [08:13,  4.11s/it]
122it [08:18,  4.10s/it]
123it [08:22,  4.08s/it]
124it [08:26,  4.04s/it]
125it [08:30,  4.09s/it]
126it [08:34,  4.12s/it]
127it [08:38,  4.15s/it]
128it [08:42,  4.15s/it]
129it [08:47,  4.19s/it]
130it [08:51,  4.21s/it]
131it [08:55,  4.20s/it]
132it [08:59,  4.18s/it]
133it [09:03,  4.21s/it]
134it [09:08,  4.20s/it]
135it [09:12,  4.22s/it]
136it [09:16,  4.21s/it]
137it [09:20,  4.18s/it]
138it [09:24,  4.16s/it]
139it [09:28,  4.14s/it]
140it [09:32,  4.14s/it]
141it [09:37,  4.15s/it]
142it [09:41,  4.17s/it]
143it [09:45,  4.13s/it]
144it [09:49,  4.12s/it]
145it [09:53,  4.12s/it]
146it [09:57,  4.12s/it]
147it [10:01,  4.11s/it]
148it [10:05,  4.10s/it]
149it [10:10,  4.12s/it]
150it [10:14,  4.12s/it]
151it [10:18,  4.11s/it]
152it [10:22,  4.10s/it]
153it [10:26,  4.10s/it]
154it [10:30,  4.12s/it]
155it [10:34,  4.14s/it]
156it [10:38,  4.14s/it]
157it [10:43,  4.14s/it]
158it [10:47,  4.14s/it]
159it [10:51,  4.12s/it]
160it [10:55,  4.10s/it]
161it [10:59,  4.11s/it]
162it [11:03,  4.13s/it]
163it [11:07,  4.12s/it]
164it [11:11,  4.13s/it]
165it [11:16,  4.15s/it]
166it [11:20,  4.16s/it]
167it [11:24,  4.18s/it]
168it [11:28,  4.18s/it]
169it [11:33,  4.22s/it]
170it [11:37,  4.20s/it]
171it [11:41,  4.17s/it]
172it [11:45,  4.14s/it]
173it [11:49,  4.09s/it]
174it [11:53,  4.03s/it]
175it [11:57,  4.01s/it]
176it [12:00,  3.87s/it]
177it [12:04,  3.91s/it]
178it [12:08,  3.96s/it]
179it [12:12,  3.96s/it]
180it [12:16,  4.02s/it]
181it [12:21,  4.13s/it]
182it [12:25,  4.13s/it]
183it [12:29,  4.15s/it]
184it [12:33,  4.12s/it]
185it [12:37,  4.07s/it]
186it [12:41,  4.00s/it]
187it [12:45,  3.95s/it]
188it [12:49,  3.96s/it]
189it [12:53,  3.98s/it]
190it [12:57,  4.03s/it]
191it [13:01,  4.07s/it]
192it [13:05,  4.11s/it]
193it [13:09,  4.12s/it]
194it [13:13,  4.09s/it]
195it [13:18,  4.12s/it]
196it [13:22,  4.07s/it]
197it [13:26,  4.06s/it]
198it [13:30,  4.07s/it]
199it [13:34,  4.08s/it]
200it [13:38,  4.09s/it]
201it [13:42,  4.08s/it]
202it [13:46,  4.08s/it]
203it [13:50,  4.07s/it]
204it [13:54,  4.05s/it]
205it [13:58,  4.04s/it]
206it [14:02,  3.99s/it]
207it [14:06,  4.00s/it]
208it [14:10,  4.01s/it]
209it [14:14,  4.02s/it]
210it [14:18,  4.02s/it]
211it [14:22,  3.97s/it]
212it [14:26,  3.96s/it]
213it [14:30,  3.93s/it]
214it [14:34,  3.94s/it]
215it [14:38,  4.01s/it]
216it [14:42,  4.07s/it]
217it [14:46,  4.13s/it]
218it [14:51,  4.15s/it]
219it [14:55,  4.20s/it]
220it [14:59,  4.20s/it]
221it [15:03,  4.21s/it]
222it [15:08,  4.19s/it]
223it [15:12,  4.20s/it]
224it [15:16,  4.18s/it]
225it [15:20,  4.19s/it]
226it [15:24,  4.19s/it]
227it [15:28,  4.19s/it]
228it [15:33,  4.16s/it]
229it [15:37,  4.14s/it]
230it [15:41,  4.13s/it]
231it [15:45,  4.11s/it]
232it [15:49,  4.10s/it]
233it [15:53,  4.13s/it]
234it [15:57,  4.13s/it]
235it [16:01,  4.13s/it]
236it [16:05,  4.11s/it]
237it [16:10,  4.13s/it]
238it [16:14,  4.11s/it]
239it [16:18,  4.11s/it]
240it [16:22,  4.14s/it]
241it [16:26,  4.16s/it]
242it [16:30,  4.15s/it]
243it [16:34,  4.11s/it]
244it [16:39,  4.14s/it]
245it [16:43,  4.12s/it]
246it [16:47,  4.10s/it]
247it [16:51,  4.09s/it]
248it [16:55,  4.11s/it]
249it [16:59,  4.11s/it]
250it [17:03,  4.12s/it]
251it [17:07,  4.11s/it]
252it [17:11,  4.11s/it]
253it [17:15,  4.11s/it]
254it [17:20,  4.13s/it]
255it [17:24,  4.13s/it]
256it [17:28,  4.15s/it]
257it [17:32,  4.17s/it]
258it [17:36,  4.17s/it]
259it [17:41,  4.17s/it]
260it [17:45,  4.16s/it]
261it [17:49,  4.18s/it]
262it [17:53,  4.14s/it]
263it [17:57,  4.10s/it]
264it [18:01,  4.10s/it]
265it [18:05,  4.09s/it]
266it [18:09,  4.13s/it]
267it [18:14,  4.17s/it]
268it [18:18,  4.17s/it]
269it [18:22,  4.19s/it]
270it [18:26,  4.20s/it]
271it [18:30,  4.19s/it]
272it [18:34,  4.15s/it]
273it [18:39,  4.13s/it]
274it [18:43,  4.14s/it]
275it [18:47,  4.13s/it]
276it [18:51,  4.15s/it]
277it [18:55,  4.18s/it]
278it [18:59,  4.17s/it]
279it [19:03,  4.14s/it]
280it [19:08,  4.15s/it]
281it [19:12,  4.23s/it]
282it [19:16,  4.25s/it]
283it [19:21,  4.25s/it]
284it [19:25,  4.24s/it]
285it [19:29,  4.23s/it]
286it [19:33,  4.22s/it]
287it [19:37,  4.24s/it]
288it [19:42,  4.19s/it]
289it [19:46,  4.19s/it]
290it [19:50,  4.17s/it]
291it [19:54,  4.17s/it]
292it [19:58,  4.13s/it]
293it [20:02,  4.12s/it]
294it [20:06,  4.07s/it]
295it [20:10,  4.11s/it]
296it [20:15,  4.12s/it]
297it [20:19,  4.12s/it]
298it [20:23,  4.12s/it]
299it [20:27,  4.10s/it]
300it [20:31,  4.13s/it]
301it [20:35,  4.12s/it]
302it [20:39,  4.13s/it]
303it [20:43,  4.16s/it]
304it [20:48,  4.15s/it]
305it [20:52,  4.17s/it]
306it [20:56,  4.14s/it]
307it [21:00,  4.16s/it]
308it [21:04,  4.19s/it]
309it [21:09,  4.21s/it]
310it [21:13,  4.21s/it]
311it [21:17,  4.20s/it]
312it [21:21,  4.18s/it]
313it [21:25,  4.17s/it]
314it [21:29,  4.14s/it]
315it [21:33,  4.13s/it]
316it [21:38,  4.14s/it]
317it [21:42,  4.15s/it]
318it [21:46,  4.15s/it]
319it [21:50,  4.17s/it]
320it [21:54,  4.12s/it]
321it [21:58,  4.11s/it]
322it [22:02,  4.08s/it]
323it [22:06,  4.11s/it]
324it [22:11,  4.10s/it]
325it [22:15,  4.09s/it]
326it [22:19,  4.08s/it]
327it [22:23,  4.05s/it]
328it [22:27,  4.05s/it]
329it [22:31,  4.01s/it]
330it [22:35,  3.99s/it]
331it [22:39,  4.02s/it]
332it [22:43,  4.00s/it]
333it [22:47,  4.04s/it]
334it [22:51,  3.98s/it]
335it [22:54,  3.97s/it]
336it [22:58,  3.96s/it]
337it [23:02,  3.90s/it]
338it [23:06,  3.88s/it]
339it [23:10,  3.93s/it]
340it [23:14,  3.92s/it]
341it [23:18,  3.94s/it]
342it [23:22,  3.95s/it]
343it [23:26,  3.92s/it]
344it [23:30,  3.91s/it]
345it [23:34,  3.92s/it]
346it [23:37,  3.90s/it]
347it [23:41,  3.92s/it]
348it [23:45,  3.94s/it]
349it [23:49,  3.97s/it]
350it [23:54,  4.01s/it]
351it [23:58,  4.05s/it]
352it [24:02,  3.99s/it]
353it [24:05,  3.91s/it]
354it [24:09,  3.96s/it]
355it [24:13,  4.01s/it]
356it [24:18,  4.03s/it]
357it [24:22,  4.07s/it]
358it [24:26,  4.09s/it]
359it [24:30,  4.09s/it]
360it [24:34,  4.12s/it]
361it [24:38,  4.13s/it]
362it [24:42,  4.15s/it]
363it [24:47,  4.14s/it]
364it [24:51,  4.12s/it]
365it [24:55,  4.09s/it]
366it [24:59,  4.09s/it]
367it [25:03,  4.13s/it]
368it [25:07,  4.12s/it]
369it [25:11,  4.09s/it]
370it [25:15,  4.08s/it]
371it [25:20,  4.16s/it]
372it [25:24,  4.18s/it]
373it [25:28,  4.20s/it]
374it [25:32,  4.18s/it]
375it [25:36,  4.18s/it]
376it [25:40,  4.18s/it]
377it [25:45,  4.22s/it]
378it [25:48,  4.02s/it]
378it [25:48,  4.10s/it]

  0%|          | 0/48 [00:00<?, ?it/s]
  2%|▏         | 1/48 [00:04<03:14,  4.14s/it]
  4%|▍         | 2/48 [00:08<03:11,  4.17s/it]
  6%|▋         | 3/48 [00:12<03:07,  4.16s/it]
  8%|▊         | 4/48 [00:16<03:02,  4.16s/it]
 10%|█         | 5/48 [00:20<02:57,  4.12s/it]
 12%|█▎        | 6/48 [00:24<02:53,  4.13s/it]
 15%|█▍        | 7/48 [00:28<02:48,  4.11s/it]
 17%|█▋        | 8/48 [00:32<02:42,  4.07s/it]
 19%|█▉        | 9/48 [00:36<02:38,  4.06s/it]
 21%|██        | 10/48 [00:41<02:35,  4.10s/it]
 23%|██▎       | 11/48 [00:45<02:32,  4.13s/it]
 25%|██▌       | 12/48 [00:49<02:26,  4.07s/it]
 27%|██▋       | 13/48 [00:53<02:21,  4.04s/it]
 29%|██▉       | 14/48 [00:57<02:16,  4.01s/it]
 31%|███▏      | 15/48 [01:01<02:11,  3.99s/it]
 33%|███▎      | 16/48 [01:05<02:07,  4.00s/it]
 35%|███▌      | 17/48 [01:09<02:03,  4.00s/it]
 38%|███▊      | 18/48 [01:13<01:58,  3.97s/it]
 40%|███▉      | 19/48 [01:16<01:53,  3.93s/it]
 42%|████▏     | 20/48 [01:20<01:50,  3.94s/it]
 44%|████▍     | 21/48 [01:24<01:47,  3.97s/it]
 46%|████▌     | 22/48 [01:29<01:44,  4.03s/it]
 48%|████▊     | 23/48 [01:32<01:40,  4.00s/it]
 50%|█████     | 24/48 [01:37<01:36,  4.03s/it]
 52%|█████▏    | 25/48 [01:41<01:32,  4.03s/it]
 54%|█████▍    | 26/48 [01:45<01:29,  4.08s/it]
 56%|█████▋    | 27/48 [01:49<01:25,  4.09s/it]
 58%|█████▊    | 28/48 [01:53<01:21,  4.10s/it]
 60%|██████    | 29/48 [01:57<01:17,  4.09s/it]
 62%|██████▎   | 30/48 [02:01<01:13,  4.07s/it]
 65%|██████▍   | 31/48 [02:04<01:05,  3.87s/it]
 67%|██████▋   | 32/48 [02:08<01:01,  3.83s/it]
 69%|██████▉   | 33/48 [02:12<00:58,  3.91s/it]
 71%|███████   | 34/48 [02:16<00:54,  3.90s/it]
 73%|███████▎  | 35/48 [02:20<00:51,  3.98s/it]
 75%|███████▌  | 36/48 [02:24<00:48,  4.00s/it]
 77%|███████▋  | 37/48 [02:28<00:44,  4.02s/it]
 79%|███████▉  | 38/48 [02:33<00:40,  4.05s/it]
 81%|████████▏ | 39/48 [02:36<00:35,  4.00s/it]
 83%|████████▎ | 40/48 [02:40<00:32,  4.00s/it]
 85%|████████▌ | 41/48 [02:45<00:28,  4.06s/it]
 88%|████████▊ | 42/48 [02:49<00:24,  4.15s/it]
 90%|████████▉ | 43/48 [02:53<00:20,  4.15s/it]
 92%|█████████▏| 44/48 [02:57<00:16,  4.09s/it]
 94%|█████████▍| 45/48 [03:01<00:12,  4.08s/it]
 96%|█████████▌| 46/48 [03:05<00:08,  4.09s/it]
 98%|█████████▊| 47/48 [03:10<00:04,  4.17s/it]
100%|██████████| 48/48 [03:11<00:00,  3.23s/it]
100%|██████████| 48/48 [03:11<00:00,  3.98s/it]
Epoch: 6/20, Val_Acc: 81.73999338405558

0it [00:00, ?it/s]
1it [00:04,  4.26s/it]
2it [00:08,  4.31s/it]
3it [00:12,  4.32s/it]
4it [00:17,  4.24s/it]
5it [00:21,  4.25s/it]
6it [00:25,  4.23s/it]
7it [00:29,  4.26s/it]
8it [00:34,  4.25s/it]
9it [00:38,  4.25s/it]
10it [00:42,  4.24s/it]
11it [00:46,  4.20s/it]
12it [00:50,  4.16s/it]
13it [00:54,  4.17s/it]
14it [00:58,  4.13s/it]
15it [01:02,  4.11s/it]
16it [01:07,  4.11s/it]
17it [01:11,  4.15s/it]
18it [01:15,  4.10s/it]
19it [01:19,  4.11s/it]
20it [01:23,  4.14s/it]
21it [01:27,  4.12s/it]
22it [01:31,  4.13s/it]
23it [01:36,  4.18s/it]
24it [01:40,  4.19s/it]
25it [01:44,  4.22s/it]
26it [01:48,  4.23s/it]
27it [01:53,  4.24s/it]
28it [01:57,  4.21s/it]
29it [02:01,  4.21s/it]
30it [02:05,  4.11s/it]
31it [02:09,  4.10s/it]
32it [02:13,  4.04s/it]
33it [02:17,  4.11s/it]
34it [02:21,  4.10s/it]
35it [02:25,  4.06s/it]
36it [02:29,  4.02s/it]
37it [02:33,  4.05s/it]
38it [02:37,  4.07s/it]
39it [02:41,  4.05s/it]
40it [02:45,  4.00s/it]
41it [02:49,  4.01s/it]
42it [02:53,  3.97s/it]
43it [02:57,  4.00s/it]
44it [03:01,  4.01s/it]
45it [03:05,  4.04s/it]
46it [03:09,  4.00s/it]
47it [03:13,  3.97s/it]
48it [03:17,  4.00s/it]
49it [03:21,  4.01s/it]
50it [03:25,  3.99s/it]
51it [03:29,  3.99s/it]
52it [03:33,  3.98s/it]
53it [03:37,  3.99s/it]
54it [03:41,  4.02s/it]
55it [03:45,  4.01s/it]
56it [03:49,  3.97s/it]
57it [03:53,  3.99s/it]
58it [03:57,  3.96s/it]
59it [04:01,  3.96s/it]
60it [04:05,  3.97s/it]
61it [04:09,  3.99s/it]
62it [04:13,  4.01s/it]
63it [04:17,  4.01s/it]
64it [04:21,  4.04s/it]
65it [04:25,  4.03s/it]
66it [04:29,  4.04s/it]
67it [04:33,  4.07s/it]
68it [04:38,  4.06s/it]
69it [04:42,  4.14s/it]
70it [04:46,  4.12s/it]
71it [04:50,  4.11s/it]
72it [04:54,  4.06s/it]
73it [04:58,  4.10s/it]
74it [05:02,  4.11s/it]
75it [05:06,  4.09s/it]
76it [05:10,  4.02s/it]
77it [05:14,  4.00s/it]
78it [05:18,  4.01s/it]
79it [05:22,  4.00s/it]
80it [05:26,  3.98s/it]
81it [05:30,  3.98s/it]
82it [05:34,  3.98s/it]
83it [05:38,  3.99s/it]
84it [05:42,  3.98s/it]
85it [05:46,  4.02s/it]
86it [05:50,  4.02s/it]
87it [05:54,  4.04s/it]
88it [05:58,  3.99s/it]
89it [06:02,  3.98s/it]
90it [06:06,  3.98s/it]
91it [06:10,  3.95s/it]
92it [06:14,  3.95s/it]
93it [06:18,  3.90s/it]
94it [06:21,  3.86s/it]
95it [06:25,  3.83s/it]
96it [06:29,  3.84s/it]
97it [06:33,  3.89s/it]
98it [06:37,  3.90s/it]
99it [06:41,  3.91s/it]
100it [06:45,  3.92s/it]
101it [06:49,  3.95s/it]
102it [06:53,  3.95s/it]
103it [06:57,  3.97s/it]
104it [07:01,  3.99s/it]
105it [07:05,  3.94s/it]
106it [07:09,  4.00s/it]
107it [07:13,  4.05s/it]
108it [07:17,  4.11s/it]
109it [07:21,  4.13s/it]
110it [07:26,  4.14s/it]
111it [07:30,  4.15s/it]
112it [07:34,  4.19s/it]
113it [07:38,  4.18s/it]
114it [07:42,  4.15s/it]
115it [07:46,  4.14s/it]
116it [07:50,  4.08s/it]
117it [07:54,  4.03s/it]
118it [07:58,  4.06s/it]
119it [08:03,  4.08s/it]
120it [08:07,  4.11s/it]
121it [08:11,  4.09s/it]
122it [08:15,  4.11s/it]
123it [08:19,  4.09s/it]
124it [08:23,  4.08s/it]
125it [08:27,  4.10s/it]
126it [08:31,  4.10s/it]
127it [08:35,  4.14s/it]
128it [08:40,  4.13s/it]
129it [08:43,  3.92s/it]
130it [08:47,  3.94s/it]
131it [08:51,  3.94s/it]
132it [08:55,  3.91s/it]
133it [08:59,  3.95s/it]
134it [09:03,  3.96s/it]
135it [09:07,  3.98s/it]
136it [09:11,  3.93s/it]
137it [09:15,  3.96s/it]
138it [09:19,  3.98s/it]
139it [09:23,  3.98s/it]
140it [09:27,  3.96s/it]
141it [09:30,  3.89s/it]
142it [09:34,  3.89s/it]
143it [09:38,  3.72s/it]
144it [09:41,  3.73s/it]
145it [09:45,  3.73s/it]
146it [09:49,  3.82s/it]
147it [09:53,  3.82s/it]
148it [09:57,  3.84s/it]
149it [10:01,  3.96s/it]
150it [10:05,  4.02s/it]
151it [10:09,  4.02s/it]
152it [10:13,  3.98s/it]
153it [10:17,  3.99s/it]
154it [10:21,  4.00s/it]
155it [10:25,  4.07s/it]
156it [10:30,  4.12s/it]
157it [10:34,  4.21s/it]
158it [10:38,  4.16s/it]
159it [10:42,  4.09s/it]
160it [10:46,  3.97s/it]
161it [10:50,  4.02s/it]
162it [10:54,  4.00s/it]
163it [10:58,  4.02s/it]
164it [11:02,  4.11s/it]
165it [11:06,  4.10s/it]
166it [11:10,  4.12s/it]
167it [11:14,  4.05s/it]
168it [11:18,  4.03s/it]
169it [11:22,  4.06s/it]
170it [11:26,  4.05s/it]
171it [11:31,  4.10s/it]
172it [11:35,  4.13s/it]
173it [11:39,  4.12s/it]
174it [11:43,  4.15s/it]
175it [11:47,  4.16s/it]
176it [11:51,  4.15s/it]
177it [11:56,  4.13s/it]
178it [12:00,  4.10s/it]
179it [12:04,  4.14s/it]
180it [12:08,  4.19s/it]
181it [12:12,  4.24s/it]
182it [12:17,  4.29s/it]
183it [12:21,  4.26s/it]
184it [12:25,  4.24s/it]
185it [12:29,  4.22s/it]
186it [12:33,  4.14s/it]
187it [12:37,  4.14s/it]
188it [12:42,  4.18s/it]
189it [12:46,  4.26s/it]
190it [12:50,  4.26s/it]
191it [12:55,  4.30s/it]
192it [12:59,  4.31s/it]
193it [13:03,  4.30s/it]
194it [13:07,  4.21s/it]
195it [13:12,  4.18s/it]
196it [13:16,  4.15s/it]
197it [13:20,  4.20s/it]
198it [13:24,  4.27s/it]
199it [13:29,  4.30s/it]
200it [13:33,  4.26s/it]
201it [13:37,  4.28s/it]
202it [13:42,  4.30s/it]
203it [13:46,  4.31s/it]
204it [13:50,  4.24s/it]
205it [13:54,  4.21s/it]
206it [13:58,  4.10s/it]
207it [14:02,  4.08s/it]
208it [14:06,  4.07s/it]
209it [14:10,  4.09s/it]
210it [14:14,  4.08s/it]
211it [14:18,  4.09s/it]
212it [14:22,  4.03s/it]
213it [14:26,  4.03s/it]
214it [14:30,  4.03s/it]
215it [14:34,  3.99s/it]
216it [14:38,  4.02s/it]
217it [14:43,  4.09s/it]
218it [14:47,  4.11s/it]
219it [14:51,  4.09s/it]
220it [14:55,  4.11s/it]
221it [14:59,  4.09s/it]
222it [15:03,  4.04s/it]
223it [15:07,  4.08s/it]
224it [15:11,  4.12s/it]
225it [15:15,  4.10s/it]
226it [15:19,  4.11s/it]
227it [15:24,  4.12s/it]
228it [15:28,  4.11s/it]
229it [15:32,  4.12s/it]
230it [15:36,  4.10s/it]
231it [15:40,  4.07s/it]
232it [15:44,  4.09s/it]
233it [15:48,  4.08s/it]
234it [15:52,  4.08s/it]
235it [15:56,  4.08s/it]
236it [16:00,  4.08s/it]
237it [16:05,  4.11s/it]
238it [16:09,  4.12s/it]
239it [16:13,  4.12s/it]
240it [16:17,  4.08s/it]
241it [16:21,  4.11s/it]
242it [16:25,  4.11s/it]
243it [16:29,  4.14s/it]
244it [16:33,  4.14s/it]
245it [16:38,  4.18s/it]
246it [16:42,  4.12s/it]
247it [16:46,  4.13s/it]
248it [16:50,  4.11s/it]
249it [16:54,  4.18s/it]
250it [16:58,  4.20s/it]
251it [17:03,  4.23s/it]
252it [17:07,  4.17s/it]
253it [17:11,  4.20s/it]
254it [17:15,  4.18s/it]
255it [17:19,  4.18s/it]
256it [17:24,  4.17s/it]
257it [17:28,  4.22s/it]
258it [17:32,  4.23s/it]
259it [17:36,  4.24s/it]
260it [17:41,  4.21s/it]
261it [17:45,  4.21s/it]
262it [17:49,  4.18s/it]
263it [17:53,  4.15s/it]
264it [17:57,  4.18s/it]
265it [18:01,  4.21s/it]
266it [18:06,  4.18s/it]
267it [18:10,  4.17s/it]
268it [18:14,  4.23s/it]
269it [18:18,  4.25s/it]
270it [18:23,  4.27s/it]
271it [18:27,  4.26s/it]
272it [18:31,  4.25s/it]
273it [18:35,  4.26s/it]
274it [18:39,  4.18s/it]
275it [18:44,  4.17s/it]
276it [18:48,  4.15s/it]
277it [18:52,  4.11s/it]
278it [18:55,  4.00s/it]
279it [18:59,  4.00s/it]
280it [19:04,  4.03s/it]
281it [19:08,  4.03s/it]
282it [19:12,  4.03s/it]
283it [19:16,  4.06s/it]
284it [19:20,  4.08s/it]
285it [19:24,  4.08s/it]
286it [19:28,  4.05s/it]
287it [19:32,  4.05s/it]
288it [19:36,  4.00s/it]
289it [19:40,  4.01s/it]
290it [19:44,  4.04s/it]
291it [19:48,  4.06s/it]
292it [19:52,  4.02s/it]
293it [19:56,  4.02s/it]
294it [20:00,  4.02s/it]
295it [20:04,  4.06s/it]
296it [20:08,  4.05s/it]
297it [20:12,  3.93s/it]
298it [20:16,  3.94s/it]
299it [20:20,  3.92s/it]
300it [20:24,  3.91s/it]
301it [20:28,  3.96s/it]
302it [20:32,  4.00s/it]
303it [20:36,  4.02s/it]
304it [20:40,  3.98s/it]
305it [20:44,  3.96s/it]
306it [20:48,  3.98s/it]
307it [20:52,  4.01s/it]
308it [20:56,  4.04s/it]
309it [21:00,  4.09s/it]
310it [21:04,  4.07s/it]
311it [21:08,  4.10s/it]
312it [21:12,  4.10s/it]
313it [21:16,  4.10s/it]
314it [21:20,  4.06s/it]
315it [21:25,  4.08s/it]
316it [21:29,  4.11s/it]
317it [21:33,  4.11s/it]
318it [21:37,  4.05s/it]
319it [21:41,  4.05s/it]
320it [21:45,  4.03s/it]
321it [21:49,  4.09s/it]
322it [21:53,  4.02s/it]
323it [21:57,  4.10s/it]
324it [22:01,  4.14s/it]
325it [22:06,  4.14s/it]
326it [22:09,  4.04s/it]
327it [22:14,  4.08s/it]
328it [22:18,  4.13s/it]
329it [22:22,  4.18s/it]
330it [22:26,  4.17s/it]
331it [22:30,  4.17s/it]
332it [22:34,  4.14s/it]
333it [22:38,  4.09s/it]
334it [22:42,  4.06s/it]
335it [22:47,  4.11s/it]
336it [22:51,  4.14s/it]
337it [22:55,  4.16s/it]
338it [22:59,  4.18s/it]
339it [23:03,  4.18s/it]
340it [23:08,  4.21s/it]
341it [23:12,  4.23s/it]
342it [23:16,  4.19s/it]
343it [23:20,  4.17s/it]
344it [23:24,  4.15s/it]
345it [23:29,  4.19s/it]
346it [23:33,  4.17s/it]
347it [23:37,  4.18s/it]
348it [23:41,  4.14s/it]
349it [23:45,  4.09s/it]
350it [23:49,  4.07s/it]
351it [23:53,  4.05s/it]
352it [23:57,  4.12s/it]
353it [24:01,  4.09s/it]
354it [24:05,  4.12s/it]
355it [24:10,  4.10s/it]
356it [24:14,  4.08s/it]
357it [24:18,  4.10s/it]
358it [24:22,  4.11s/it]
359it [24:26,  4.09s/it]
360it [24:30,  4.04s/it]
361it [24:34,  4.05s/it]
362it [24:38,  4.03s/it]
363it [24:42,  4.07s/it]
364it [24:46,  4.11s/it]
365it [24:50,  4.15s/it]
366it [24:55,  4.12s/it]
367it [24:59,  4.20s/it]
368it [25:03,  4.21s/it]
369it [25:07,  4.21s/it]
370it [25:12,  4.23s/it]
371it [25:16,  4.22s/it]
372it [25:20,  4.20s/it]
373it [25:24,  4.19s/it]
374it [25:28,  4.20s/it]
375it [25:33,  4.26s/it]
376it [25:37,  4.24s/it]
377it [25:41,  4.21s/it]
378it [25:45,  4.01s/it]
378it [25:45,  4.09s/it]

  0%|          | 0/48 [00:00<?, ?it/s]
  2%|▏         | 1/48 [00:04<03:10,  4.05s/it]
  4%|▍         | 2/48 [00:08<03:07,  4.08s/it]
  6%|▋         | 3/48 [00:12<03:02,  4.05s/it]
  8%|▊         | 4/48 [00:16<02:55,  3.99s/it]
 10%|█         | 5/48 [00:20<02:56,  4.11s/it]
 12%|█▎        | 6/48 [00:24<02:54,  4.16s/it]
 15%|█▍        | 7/48 [00:28<02:52,  4.20s/it]
 17%|█▋        | 8/48 [00:32<02:45,  4.14s/it]
 19%|█▉        | 9/48 [00:37<02:41,  4.15s/it]
 21%|██        | 10/48 [00:41<02:37,  4.14s/it]
 23%|██▎       | 11/48 [00:45<02:33,  4.15s/it]
 25%|██▌       | 12/48 [00:49<02:30,  4.19s/it]
 27%|██▋       | 13/48 [00:53<02:25,  4.15s/it]
 29%|██▉       | 14/48 [00:57<02:19,  4.11s/it]
 31%|███▏      | 15/48 [01:01<02:16,  4.13s/it]
 33%|███▎      | 16/48 [01:06<02:12,  4.15s/it]
 35%|███▌      | 17/48 [01:10<02:08,  4.14s/it]
 38%|███▊      | 18/48 [01:14<02:05,  4.17s/it]
 40%|███▉      | 19/48 [01:18<01:59,  4.12s/it]
 42%|████▏     | 20/48 [01:22<01:50,  3.96s/it]
 44%|████▍     | 21/48 [01:25<01:44,  3.88s/it]
 46%|████▌     | 22/48 [01:29<01:42,  3.96s/it]
 48%|████▊     | 23/48 [01:34<01:40,  4.02s/it]
 50%|█████     | 24/48 [01:38<01:37,  4.06s/it]
 52%|█████▏    | 25/48 [01:42<01:33,  4.09s/it]
 54%|█████▍    | 26/48 [01:46<01:29,  4.06s/it]
 56%|█████▋    | 27/48 [01:50<01:25,  4.08s/it]
 58%|█████▊    | 28/48 [01:54<01:22,  4.12s/it]
 60%|██████    | 29/48 [01:58<01:18,  4.14s/it]
 62%|██████▎   | 30/48 [02:02<01:14,  4.11s/it]
 65%|██████▍   | 31/48 [02:06<01:09,  4.08s/it]
 67%|██████▋   | 32/48 [02:11<01:05,  4.08s/it]
 69%|██████▉   | 33/48 [02:15<01:01,  4.08s/it]
 71%|███████   | 34/48 [02:19<00:57,  4.13s/it]
 73%|███████▎  | 35/48 [02:23<00:54,  4.17s/it]
 75%|███████▌  | 36/48 [02:27<00:50,  4.17s/it]
 77%|███████▋  | 37/48 [02:31<00:45,  4.12s/it]
 79%|███████▉  | 38/48 [02:35<00:40,  4.05s/it]
 81%|████████▏ | 39/48 [02:39<00:35,  3.98s/it]
 83%|████████▎ | 40/48 [02:43<00:31,  3.97s/it]
 85%|████████▌ | 41/48 [02:47<00:27,  3.97s/it]
 88%|████████▊ | 42/48 [02:51<00:23,  3.97s/it]
 90%|████████▉ | 43/48 [02:55<00:19,  3.99s/it]
 92%|█████████▏| 44/48 [02:59<00:15,  3.98s/it]
 94%|█████████▍| 45/48 [03:03<00:11,  3.99s/it]
 96%|█████████▌| 46/48 [03:07<00:07,  3.99s/it]
 98%|█████████▊| 47/48 [03:11<00:03,  3.99s/it]
100%|██████████| 48/48 [03:12<00:00,  3.08s/it]
100%|██████████| 48/48 [03:12<00:00,  4.01s/it]
Epoch: 7/20, Val_Acc: 82.07079060535891

0it [00:00, ?it/s]
1it [00:04,  4.03s/it]
2it [00:08,  4.00s/it]
3it [00:12,  4.06s/it]
4it [00:16,  4.06s/it]
5it [00:20,  4.06s/it]
6it [00:24,  4.05s/it]
7it [00:28,  4.06s/it]
8it [00:32,  4.08s/it]
9it [00:36,  4.07s/it]
10it [00:40,  4.02s/it]
11it [00:44,  4.00s/it]
12it [00:48,  4.05s/it]
13it [00:52,  4.10s/it]
14it [00:56,  4.06s/it]
15it [01:00,  4.02s/it]
16it [01:04,  4.03s/it]
17it [01:08,  4.06s/it]
18it [01:12,  4.07s/it]
19it [01:17,  4.07s/it]
20it [01:20,  4.02s/it]
21it [01:24,  4.00s/it]
22it [01:28,  3.98s/it]
23it [01:32,  4.03s/it]
24it [01:37,  4.05s/it]
25it [01:41,  4.08s/it]
26it [01:45,  4.04s/it]
27it [01:49,  4.03s/it]
28it [01:53,  4.03s/it]
29it [01:57,  4.03s/it]
30it [02:01,  3.99s/it]
31it [02:05,  3.99s/it]
32it [02:09,  4.04s/it]
33it [02:13,  4.07s/it]
34it [02:17,  4.08s/it]
35it [02:21,  4.04s/it]
36it [02:25,  3.98s/it]
37it [02:29,  3.90s/it]
38it [02:32,  3.89s/it]
39it [02:36,  3.90s/it]
40it [02:40,  3.93s/it]
41it [02:44,  3.95s/it]
42it [02:48,  3.98s/it]
43it [02:53,  4.03s/it]
44it [02:56,  4.01s/it]
45it [03:00,  3.99s/it]
46it [03:04,  3.99s/it]
47it [03:08,  4.00s/it]
48it [03:12,  4.00s/it]
49it [03:16,  4.01s/it]
50it [03:21,  4.05s/it]
51it [03:25,  4.03s/it]
52it [03:29,  4.01s/it]
53it [03:33,  4.02s/it]
54it [03:37,  4.01s/it]
55it [03:41,  4.02s/it]
56it [03:45,  4.05s/it]
57it [03:49,  4.09s/it]
58it [03:53,  4.11s/it]
59it [03:57,  4.13s/it]
60it [04:02,  4.18s/it]
61it [04:06,  4.19s/it]
62it [04:10,  4.22s/it]
63it [04:14,  4.25s/it]
64it [04:19,  4.25s/it]
65it [04:23,  4.23s/it]
66it [04:27,  4.17s/it]
67it [04:31,  4.16s/it]
68it [04:35,  4.17s/it]
69it [04:39,  4.17s/it]
70it [04:44,  4.16s/it]
71it [04:48,  4.15s/it]
72it [04:52,  4.14s/it]
73it [04:56,  4.14s/it]
74it [05:00,  4.11s/it]
75it [05:04,  4.08s/it]
76it [05:08,  4.04s/it]
77it [05:12,  4.05s/it]
78it [05:16,  4.03s/it]
79it [05:20,  4.04s/it]
80it [05:24,  4.06s/it]
81it [05:28,  4.07s/it]
82it [05:32,  4.07s/it]
83it [05:36,  4.06s/it]
84it [05:40,  4.09s/it]
85it [05:45,  4.13s/it]
86it [05:49,  4.16s/it]
87it [05:53,  4.15s/it]
88it [05:57,  4.12s/it]
89it [06:01,  4.14s/it]
90it [06:06,  4.17s/it]
91it [06:10,  4.15s/it]
92it [06:14,  4.12s/it]
93it [06:18,  4.17s/it]
94it [06:22,  4.21s/it]
95it [06:26,  4.20s/it]
96it [06:31,  4.20s/it]
97it [06:35,  4.21s/it]
98it [06:39,  4.21s/it]
99it [06:43,  4.22s/it]
100it [06:48,  4.23s/it]
101it [06:52,  4.27s/it]
102it [06:56,  4.22s/it]
103it [07:00,  4.18s/it]
104it [07:04,  4.10s/it]
105it [07:08,  4.08s/it]
106it [07:12,  4.10s/it]
107it [07:16,  4.13s/it]
108it [07:21,  4.16s/it]
109it [07:25,  4.15s/it]
110it [07:29,  4.13s/it]
111it [07:33,  4.17s/it]
112it [07:37,  4.18s/it]
113it [07:42,  4.18s/it]
114it [07:46,  4.14s/it]
115it [07:50,  4.18s/it]
116it [07:54,  4.18s/it]
117it [07:58,  4.18s/it]
118it [08:02,  4.15s/it]
119it [08:06,  4.15s/it]
120it [08:11,  4.15s/it]
121it [08:15,  4.09s/it]
122it [08:19,  4.09s/it]
123it [08:23,  4.15s/it]
124it [08:27,  4.15s/it]
125it [08:31,  4.13s/it]
126it [08:35,  4.12s/it]
127it [08:39,  4.13s/it]
128it [08:43,  4.12s/it]
129it [08:48,  4.11s/it]
130it [08:52,  4.11s/it]
131it [08:56,  4.15s/it]
132it [09:00,  4.17s/it]
133it [09:04,  4.10s/it]
134it [09:08,  4.11s/it]
135it [09:12,  4.09s/it]
136it [09:16,  4.10s/it]
137it [09:21,  4.12s/it]
138it [09:25,  4.13s/it]
139it [09:29,  4.13s/it]
140it [09:33,  4.14s/it]
141it [09:37,  4.13s/it]
142it [09:41,  4.20s/it]
143it [09:46,  4.22s/it]
144it [09:50,  4.20s/it]
145it [09:54,  4.17s/it]
146it [09:58,  4.15s/it]
147it [10:02,  4.14s/it]
148it [10:06,  4.13s/it]
149it [10:10,  4.13s/it]
150it [10:14,  4.07s/it]
151it [10:18,  4.08s/it]
152it [10:23,  4.12s/it]
153it [10:27,  4.11s/it]
154it [10:31,  4.05s/it]
155it [10:35,  4.07s/it]
156it [10:39,  4.04s/it]
157it [10:43,  4.05s/it]
158it [10:47,  4.08s/it]
159it [10:51,  4.13s/it]
160it [10:55,  4.10s/it]
161it [10:59,  4.09s/it]
162it [11:03,  4.12s/it]
163it [11:08,  4.09s/it]
164it [11:12,  4.06s/it]
165it [11:16,  4.12s/it]
166it [11:20,  4.16s/it]
167it [11:24,  4.19s/it]
168it [11:29,  4.21s/it]
169it [11:33,  4.23s/it]
170it [11:37,  4.23s/it]
171it [11:41,  4.19s/it]
172it [11:45,  4.10s/it]
173it [11:49,  4.08s/it]
174it [11:53,  4.08s/it]
175it [11:57,  4.10s/it]
176it [12:01,  4.09s/it]
177it [12:05,  4.06s/it]
178it [12:09,  4.04s/it]
179it [12:14,  4.09s/it]
180it [12:18,  4.08s/it]
181it [12:22,  4.11s/it]
182it [12:26,  4.12s/it]
183it [12:30,  4.09s/it]
184it [12:34,  4.07s/it]
185it [12:38,  4.10s/it]
186it [12:42,  4.07s/it]
187it [12:46,  4.14s/it]
188it [12:51,  4.15s/it]
189it [12:55,  4.16s/it]
190it [12:59,  4.10s/it]
191it [13:03,  4.10s/it]
192it [13:07,  4.09s/it]
193it [13:11,  4.10s/it]
194it [13:15,  4.12s/it]
195it [13:19,  4.16s/it]
196it [13:24,  4.18s/it]
197it [13:28,  4.19s/it]
198it [13:32,  4.20s/it]
199it [13:36,  4.21s/it]
200it [13:40,  4.18s/it]
201it [13:45,  4.14s/it]
202it [13:48,  4.00s/it]
203it [13:52,  4.00s/it]
204it [13:56,  3.99s/it]
205it [14:00,  4.02s/it]
206it [14:04,  3.98s/it]
207it [14:08,  4.04s/it]
208it [14:12,  4.08s/it]
209it [14:17,  4.12s/it]
210it [14:21,  4.07s/it]
211it [14:25,  4.06s/it]
212it [14:29,  4.12s/it]
213it [14:33,  4.20s/it]
214it [14:38,  4.23s/it]
215it [14:42,  4.23s/it]
216it [14:46,  4.24s/it]
217it [14:50,  4.25s/it]
218it [14:55,  4.20s/it]
219it [14:59,  4.20s/it]
220it [15:03,  4.19s/it]
221it [15:07,  4.20s/it]
222it [15:11,  4.17s/it]
223it [15:15,  4.17s/it]
224it [15:19,  4.13s/it]
225it [15:23,  4.08s/it]
226it [15:27,  4.00s/it]
227it [15:31,  4.04s/it]
228it [15:36,  4.09s/it]
229it [15:40,  4.10s/it]
230it [15:44,  4.07s/it]
231it [15:48,  4.08s/it]
232it [15:52,  4.06s/it]
233it [15:56,  4.07s/it]
234it [16:00,  4.03s/it]
235it [16:04,  4.04s/it]
236it [16:08,  4.04s/it]
237it [16:12,  4.04s/it]
238it [16:16,  4.04s/it]
239it [16:20,  4.02s/it]
240it [16:24,  4.00s/it]
241it [16:28,  3.99s/it]
242it [16:32,  4.01s/it]
243it [16:36,  4.05s/it]
244it [16:40,  4.06s/it]
245it [16:44,  4.09s/it]
246it [16:48,  4.09s/it]
247it [16:53,  4.11s/it]
248it [16:57,  4.08s/it]
249it [17:01,  4.09s/it]
250it [17:05,  4.08s/it]
251it [17:09,  4.13s/it]
252it [17:13,  4.11s/it]
253it [17:17,  4.07s/it]
254it [17:21,  4.05s/it]
255it [17:25,  4.05s/it]
256it [17:29,  4.04s/it]
257it [17:33,  4.06s/it]
258it [17:37,  4.02s/it]
259it [17:41,  4.04s/it]
260it [17:45,  4.07s/it]
261it [17:49,  4.08s/it]
262it [17:54,  4.08s/it]
263it [17:57,  4.03s/it]
264it [18:02,  4.05s/it]
265it [18:06,  4.05s/it]
266it [18:10,  4.04s/it]
267it [18:14,  4.04s/it]
268it [18:18,  4.06s/it]
269it [18:22,  4.10s/it]
270it [18:26,  4.09s/it]
271it [18:30,  4.12s/it]
272it [18:34,  4.13s/it]
273it [18:38,  4.13s/it]
274it [18:42,  4.07s/it]
275it [18:46,  4.05s/it]
276it [18:50,  4.01s/it]
277it [18:54,  4.04s/it]
278it [18:59,  4.04s/it]
279it [19:03,  4.11s/it]
280it [19:07,  4.15s/it]
281it [19:11,  4.17s/it]
282it [19:15,  4.14s/it]
283it [19:19,  4.13s/it]
284it [19:24,  4.15s/it]
285it [19:28,  4.15s/it]
286it [19:32,  4.11s/it]
287it [19:36,  4.08s/it]
288it [19:40,  4.07s/it]
289it [19:44,  4.07s/it]
290it [19:48,  4.04s/it]
291it [19:52,  4.06s/it]
292it [19:56,  4.03s/it]
293it [20:00,  4.13s/it]
294it [20:04,  4.14s/it]
295it [20:09,  4.15s/it]
296it [20:13,  4.14s/it]
297it [20:17,  4.17s/it]
298it [20:21,  4.20s/it]
299it [20:25,  4.21s/it]
300it [20:30,  4.16s/it]
301it [20:34,  4.20s/it]
302it [20:38,  4.19s/it]
303it [20:42,  4.22s/it]
304it [20:46,  4.22s/it]
305it [20:51,  4.24s/it]
306it [20:55,  4.27s/it]
307it [20:59,  4.30s/it]
308it [21:04,  4.28s/it]
309it [21:08,  4.28s/it]
310it [21:12,  4.31s/it]
311it [21:17,  4.30s/it]
312it [21:21,  4.30s/it]
313it [21:25,  4.29s/it]
314it [21:29,  4.26s/it]
315it [21:33,  4.20s/it]
316it [21:37,  4.15s/it]
317it [21:42,  4.15s/it]
318it [21:46,  4.14s/it]
319it [21:50,  4.14s/it]
320it [21:54,  4.14s/it]
321it [21:58,  4.20s/it]
322it [22:02,  4.16s/it]
323it [22:07,  4.15s/it]
324it [22:11,  4.14s/it]
325it [22:15,  4.16s/it]
326it [22:19,  4.15s/it]
327it [22:23,  4.16s/it]
328it [22:27,  4.18s/it]
329it [22:32,  4.19s/it]
330it [22:36,  4.15s/it]
331it [22:40,  4.12s/it]
332it [22:44,  4.18s/it]
333it [22:48,  4.23s/it]
334it [22:53,  4.26s/it]
335it [22:57,  4.28s/it]
336it [23:01,  4.24s/it]
337it [23:06,  4.26s/it]
338it [23:10,  4.24s/it]
339it [23:14,  4.21s/it]
340it [23:18,  4.17s/it]
341it [23:22,  4.18s/it]
342it [23:26,  4.14s/it]
343it [23:30,  4.15s/it]
344it [23:35,  4.16s/it]
345it [23:39,  4.21s/it]
346it [23:43,  4.22s/it]
347it [23:47,  4.21s/it]
348it [23:51,  4.16s/it]
349it [23:56,  4.17s/it]
350it [24:00,  4.18s/it]
351it [24:04,  4.22s/it]
352it [24:08,  4.20s/it]
353it [24:13,  4.25s/it]
354it [24:17,  4.25s/it]
355it [24:21,  4.23s/it]
356it [24:25,  4.23s/it]
357it [24:30,  4.26s/it]
358it [24:34,  4.28s/it]
359it [24:38,  4.25s/it]
360it [24:42,  4.20s/it]
361it [24:46,  4.16s/it]
362it [24:50,  4.07s/it]
363it [24:54,  4.09s/it]
364it [24:58,  4.08s/it]
365it [25:02,  4.10s/it]
366it [25:07,  4.10s/it]
367it [25:11,  4.10s/it]
368it [25:15,  4.13s/it]
369it [25:19,  4.14s/it]
370it [25:23,  4.09s/it]
371it [25:27,  4.11s/it]
372it [25:31,  4.10s/it]
373it [25:35,  4.06s/it]
374it [25:39,  4.06s/it]
375it [25:43,  4.06s/it]
376it [25:48,  4.10s/it]
377it [25:52,  4.11s/it]
378it [25:55,  3.91s/it]
378it [25:55,  4.12s/it]

  0%|          | 0/48 [00:00<?, ?it/s]
  2%|▏         | 1/48 [00:04<03:16,  4.18s/it]
  4%|▍         | 2/48 [00:08<03:07,  4.07s/it]
  6%|▋         | 3/48 [00:12<03:05,  4.12s/it]
  8%|▊         | 4/48 [00:16<03:01,  4.12s/it]
 10%|█         | 5/48 [00:20<02:59,  4.17s/it]
 12%|█▎        | 6/48 [00:24<02:54,  4.17s/it]
 15%|█▍        | 7/48 [00:29<02:51,  4.19s/it]
 17%|█▋        | 8/48 [00:33<02:44,  4.10s/it]
 19%|█▉        | 9/48 [00:37<02:39,  4.10s/it]
 21%|██        | 10/48 [00:41<02:36,  4.11s/it]
 23%|██▎       | 11/48 [00:45<02:31,  4.09s/it]
 25%|██▌       | 12/48 [00:49<02:28,  4.11s/it]
 27%|██▋       | 13/48 [00:53<02:25,  4.15s/it]
 29%|██▉       | 14/48 [00:57<02:21,  4.15s/it]
 31%|███▏      | 15/48 [01:01<02:15,  4.10s/it]
 33%|███▎      | 16/48 [01:05<02:10,  4.08s/it]
 35%|███▌      | 17/48 [01:10<02:07,  4.12s/it]
 38%|███▊      | 18/48 [01:14<02:03,  4.10s/it]
 40%|███▉      | 19/48 [01:18<01:58,  4.09s/it]
 42%|████▏     | 20/48 [01:22<01:55,  4.13s/it]
 44%|████▍     | 21/48 [01:26<01:51,  4.12s/it]
 46%|████▌     | 22/48 [01:30<01:47,  4.12s/it]
 48%|████▊     | 23/48 [01:34<01:42,  4.09s/it]
 50%|█████     | 24/48 [01:38<01:38,  4.10s/it]
 52%|█████▏    | 25/48 [01:42<01:34,  4.11s/it]
 54%|█████▍    | 26/48 [01:47<01:30,  4.11s/it]
 56%|█████▋    | 27/48 [01:51<01:26,  4.11s/it]
 58%|█████▊    | 28/48 [01:55<01:22,  4.12s/it]
 60%|██████    | 29/48 [01:59<01:17,  4.10s/it]
 62%|██████▎   | 30/48 [02:03<01:13,  4.10s/it]
 65%|██████▍   | 31/48 [02:07<01:09,  4.08s/it]
 67%|██████▋   | 32/48 [02:11<01:05,  4.07s/it]
 69%|██████▉   | 33/48 [02:15<01:01,  4.11s/it]
 71%|███████   | 34/48 [02:19<00:57,  4.11s/it]
 73%|███████▎  | 35/48 [02:23<00:53,  4.11s/it]
 75%|███████▌  | 36/48 [02:28<00:49,  4.15s/it]
 77%|███████▋  | 37/48 [02:32<00:46,  4.19s/it]
 79%|███████▉  | 38/48 [02:36<00:41,  4.17s/it]
 81%|████████▏ | 39/48 [02:40<00:37,  4.19s/it]
 83%|████████▎ | 40/48 [02:44<00:33,  4.17s/it]
 85%|████████▌ | 41/48 [02:49<00:28,  4.14s/it]
 88%|████████▊ | 42/48 [02:53<00:24,  4.14s/it]
 90%|████████▉ | 43/48 [02:57<00:20,  4.17s/it]
 92%|█████████▏| 44/48 [03:01<00:16,  4.15s/it]
 94%|█████████▍| 45/48 [03:05<00:12,  4.17s/it]
 96%|█████████▌| 46/48 [03:09<00:08,  4.20s/it]
 98%|█████████▊| 47/48 [03:14<00:04,  4.18s/it]
100%|██████████| 48/48 [03:15<00:00,  3.23s/it]
100%|██████████| 48/48 [03:15<00:00,  4.07s/it]
Epoch: 8/20, Val_Acc: 82.26926893814093

0it [00:00, ?it/s]
1it [00:04,  4.15s/it]
2it [00:08,  4.20s/it]
3it [00:12,  4.18s/it]
4it [00:16,  4.19s/it]
5it [00:20,  4.18s/it]
6it [00:24,  4.14s/it]
7it [00:29,  4.15s/it]
8it [00:33,  4.15s/it]
9it [00:37,  4.14s/it]
10it [00:41,  4.12s/it]
11it [00:45,  4.16s/it]
12it [00:49,  4.17s/it]
13it [00:54,  4.16s/it]
14it [00:57,  4.09s/it]
15it [01:02,  4.09s/it]
16it [01:06,  4.08s/it]
17it [01:10,  4.09s/it]
18it [01:14,  4.08s/it]
19it [01:18,  4.10s/it]
20it [01:22,  4.08s/it]
21it [01:26,  4.10s/it]
22it [01:30,  4.13s/it]
23it [01:35,  4.15s/it]
24it [01:39,  4.13s/it]
25it [01:43,  4.12s/it]
26it [01:47,  4.15s/it]
27it [01:51,  4.17s/it]
28it [01:55,  4.16s/it]
29it [01:59,  4.15s/it]
30it [02:04,  4.15s/it]
31it [02:08,  4.11s/it]
32it [02:12,  4.06s/it]
33it [02:15,  4.02s/it]
34it [02:20,  4.05s/it]
35it [02:24,  4.10s/it]
36it [02:28,  4.07s/it]
37it [02:32,  4.05s/it]
38it [02:36,  4.00s/it]
39it [02:40,  4.02s/it]
40it [02:44,  4.01s/it]
41it [02:48,  4.03s/it]
42it [02:52,  4.04s/it]
43it [02:56,  4.11s/it]
44it [03:00,  4.14s/it]
45it [03:04,  4.13s/it]
46it [03:08,  4.10s/it]
47it [03:12,  4.06s/it]
48it [03:16,  4.02s/it]
49it [03:20,  4.04s/it]
50it [03:25,  4.05s/it]
51it [03:29,  4.05s/it]
52it [03:33,  4.05s/it]
53it [03:37,  4.10s/it]
54it [03:41,  4.05s/it]
55it [03:44,  3.94s/it]
56it [03:49,  3.97s/it]
57it [03:53,  3.99s/it]
58it [03:57,  4.03s/it]
59it [04:01,  4.07s/it]
60it [04:05,  4.08s/it]
61it [04:09,  4.08s/it]
62it [04:13,  4.07s/it]
63it [04:17,  4.06s/it]
64it [04:21,  4.06s/it]
65it [04:25,  4.10s/it]
66it [04:29,  4.08s/it]
67it [04:34,  4.10s/it]
68it [04:38,  4.10s/it]
69it [04:42,  4.12s/it]
70it [04:46,  4.14s/it]
71it [04:50,  4.14s/it]
72it [04:54,  4.14s/it]
73it [04:58,  4.12s/it]
74it [05:03,  4.14s/it]
75it [05:07,  4.16s/it]
76it [05:11,  4.15s/it]
77it [05:15,  4.13s/it]
78it [05:19,  4.15s/it]
79it [05:23,  4.12s/it]
80it [05:27,  4.16s/it]
81it [05:32,  4.19s/it]
82it [05:36,  4.20s/it]
83it [05:40,  4.19s/it]
84it [05:44,  4.15s/it]
85it [05:48,  4.15s/it]
86it [05:52,  4.13s/it]
87it [05:57,  4.14s/it]
88it [06:01,  4.14s/it]
89it [06:05,  4.11s/it]
90it [06:09,  4.11s/it]
91it [06:13,  4.09s/it]
92it [06:17,  4.10s/it]
93it [06:21,  4.13s/it]
94it [06:25,  4.14s/it]
95it [06:29,  4.13s/it]
96it [06:33,  4.07s/it]
97it [06:38,  4.10s/it]
98it [06:42,  4.15s/it]
99it [06:46,  4.17s/it]
100it [06:50,  4.15s/it]
101it [06:54,  4.11s/it]
102it [06:58,  4.07s/it]
103it [07:02,  4.07s/it]
104it [07:06,  4.02s/it]
105it [07:10,  4.08s/it]
106it [07:15,  4.11s/it]
107it [07:19,  4.10s/it]
108it [07:23,  4.10s/it]
109it [07:27,  4.11s/it]
110it [07:31,  4.12s/it]
111it [07:35,  4.12s/it]
112it [07:39,  4.15s/it]
113it [07:44,  4.21s/it]
114it [07:48,  4.21s/it]
115it [07:52,  4.18s/it]
116it [07:56,  4.15s/it]
117it [08:00,  4.13s/it]
118it [08:04,  4.11s/it]
119it [08:08,  4.13s/it]
120it [08:12,  4.13s/it]
121it [08:17,  4.14s/it]
122it [08:21,  4.17s/it]
123it [08:25,  4.20s/it]
124it [08:29,  4.17s/it]
125it [08:33,  4.18s/it]
126it [08:38,  4.17s/it]
127it [08:42,  4.15s/it]
128it [08:46,  4.10s/it]
129it [08:50,  4.12s/it]
130it [08:54,  4.11s/it]
131it [08:58,  4.19s/it]
132it [09:02,  4.17s/it]
133it [09:07,  4.15s/it]
134it [09:11,  4.17s/it]
135it [09:15,  4.19s/it]
136it [09:19,  4.17s/it]
137it [09:23,  4.15s/it]
138it [09:27,  4.11s/it]
139it [09:31,  4.15s/it]
140it [09:36,  4.15s/it]
141it [09:39,  4.05s/it]
142it [09:43,  4.03s/it]
143it [09:47,  3.99s/it]
144it [09:51,  4.00s/it]
145it [09:55,  3.98s/it]
146it [09:59,  3.99s/it]
147it [10:03,  3.94s/it]
148it [10:07,  3.91s/it]
149it [10:11,  3.92s/it]
150it [10:15,  3.91s/it]
151it [10:19,  3.94s/it]
152it [10:23,  3.97s/it]
153it [10:27,  3.95s/it]
154it [10:31,  3.96s/it]
155it [10:35,  3.99s/it]
156it [10:39,  4.01s/it]
157it [10:43,  4.11s/it]
158it [10:47,  4.14s/it]
159it [10:51,  4.11s/it]
160it [10:55,  4.07s/it]
161it [11:00,  4.10s/it]
162it [11:04,  4.10s/it]
163it [11:08,  4.11s/it]
164it [11:12,  4.11s/it]
165it [11:16,  4.14s/it]
166it [11:20,  4.16s/it]
167it [11:25,  4.19s/it]
168it [11:29,  4.18s/it]
169it [11:33,  4.19s/it]
170it [11:37,  4.18s/it]
171it [11:41,  4.19s/it]
172it [11:46,  4.18s/it]
173it [11:50,  4.19s/it]
174it [11:54,  4.18s/it]
175it [11:58,  4.22s/it]
176it [12:02,  4.18s/it]
177it [12:06,  4.19s/it]
178it [12:11,  4.15s/it]
179it [12:15,  4.16s/it]
180it [12:19,  4.09s/it]
181it [12:23,  4.06s/it]
182it [12:27,  4.07s/it]
183it [12:31,  4.13s/it]
184it [12:35,  4.14s/it]
185it [12:39,  4.16s/it]
186it [12:43,  4.12s/it]
187it [12:48,  4.14s/it]
188it [12:52,  4.18s/it]
189it [12:56,  4.21s/it]
190it [13:00,  4.18s/it]
191it [13:04,  4.16s/it]
192it [13:09,  4.17s/it]
193it [13:13,  4.19s/it]
194it [13:17,  4.14s/it]
195it [13:21,  4.16s/it]
196it [13:25,  4.19s/it]
197it [13:30,  4.23s/it]
198it [13:34,  4.22s/it]
199it [13:38,  4.24s/it]
200it [13:42,  4.20s/it]
201it [13:46,  4.19s/it]
202it [13:51,  4.18s/it]
203it [13:55,  4.17s/it]
204it [13:59,  4.17s/it]
205it [14:03,  4.19s/it]
206it [14:07,  4.05s/it]
207it [14:11,  4.02s/it]
208it [14:15,  4.01s/it]
209it [14:19,  4.01s/it]
210it [14:23,  3.99s/it]
211it [14:27,  4.05s/it]
212it [14:31,  4.05s/it]
213it [14:35,  4.09s/it]
214it [14:39,  4.13s/it]
215it [14:44,  4.17s/it]
216it [14:48,  4.19s/it]
217it [14:52,  4.20s/it]
218it [14:56,  4.17s/it]
219it [15:00,  4.17s/it]
220it [15:04,  4.16s/it]
221it [15:09,  4.14s/it]
222it [15:13,  4.11s/it]
223it [15:17,  4.12s/it]
224it [15:21,  4.08s/it]
225it [15:25,  4.05s/it]
226it [15:29,  4.05s/it]
227it [15:33,  4.06s/it]
228it [15:37,  4.07s/it]
229it [15:41,  4.09s/it]
230it [15:45,  4.12s/it]
231it [15:49,  4.13s/it]
232it [15:54,  4.15s/it]
233it [15:58,  4.17s/it]
234it [16:02,  4.18s/it]
235it [16:06,  4.20s/it]
236it [16:10,  4.13s/it]
237it [16:14,  4.09s/it]
238it [16:18,  4.07s/it]
239it [16:22,  4.06s/it]
240it [16:26,  4.04s/it]
241it [16:30,  4.04s/it]
242it [16:34,  4.05s/it]
243it [16:39,  4.08s/it]
244it [16:43,  4.09s/it]
245it [16:47,  4.13s/it]
246it [16:51,  4.11s/it]
247it [16:55,  4.13s/it]
248it [16:59,  4.10s/it]
249it [17:03,  4.12s/it]
250it [17:08,  4.13s/it]
251it [17:12,  4.15s/it]
252it [17:16,  4.17s/it]
253it [17:20,  4.16s/it]
254it [17:24,  4.17s/it]
255it [17:28,  4.17s/it]
256it [17:33,  4.17s/it]
257it [17:37,  4.11s/it]
258it [17:41,  4.11s/it]
259it [17:45,  4.13s/it]
260it [17:49,  4.11s/it]
261it [17:53,  4.12s/it]
262it [17:57,  4.11s/it]
263it [18:01,  4.12s/it]
264it [18:05,  4.11s/it]
265it [18:10,  4.15s/it]
266it [18:14,  4.11s/it]
267it [18:18,  4.10s/it]
268it [18:22,  4.09s/it]
269it [18:26,  4.09s/it]
270it [18:30,  4.08s/it]
271it [18:34,  4.08s/it]
272it [18:38,  4.09s/it]
273it [18:42,  4.07s/it]
274it [18:46,  4.06s/it]
275it [18:50,  4.06s/it]
276it [18:54,  4.06s/it]
277it [18:58,  4.04s/it]
278it [19:02,  4.06s/it]
279it [19:06,  4.07s/it]
280it [19:11,  4.10s/it]
281it [19:15,  4.12s/it]
282it [19:19,  4.12s/it]
283it [19:23,  4.16s/it]
284it [19:27,  4.13s/it]
285it [19:31,  4.13s/it]
286it [19:36,  4.13s/it]
287it [19:40,  4.17s/it]
288it [19:44,  4.16s/it]
289it [19:48,  4.12s/it]
290it [19:52,  4.09s/it]
291it [19:56,  4.07s/it]
292it [20:00,  4.07s/it]
293it [20:04,  4.08s/it]
294it [20:08,  4.12s/it]
295it [20:12,  4.10s/it]
296it [20:17,  4.15s/it]
297it [20:21,  4.19s/it]
298it [20:25,  4.18s/it]
299it [20:29,  4.20s/it]
300it [20:34,  4.19s/it]
301it [20:38,  4.19s/it]
302it [20:42,  4.19s/it]
303it [20:46,  4.21s/it]
304it [20:50,  4.21s/it]
305it [20:54,  4.19s/it]
306it [20:59,  4.17s/it]
307it [21:03,  4.12s/it]
308it [21:07,  4.12s/it]
309it [21:11,  4.12s/it]
310it [21:15,  4.11s/it]
311it [21:19,  4.09s/it]
312it [21:23,  4.10s/it]
313it [21:27,  4.12s/it]
314it [21:31,  4.14s/it]
315it [21:36,  4.14s/it]
316it [21:40,  4.23s/it]
317it [21:44,  4.18s/it]
318it [21:48,  4.12s/it]
319it [21:52,  4.11s/it]
320it [21:56,  4.09s/it]
321it [22:00,  4.14s/it]
322it [22:05,  4.12s/it]
323it [22:09,  4.12s/it]
324it [22:13,  4.10s/it]
325it [22:17,  4.12s/it]
326it [22:21,  4.15s/it]
327it [22:25,  4.16s/it]
328it [22:29,  4.15s/it]
329it [22:34,  4.17s/it]
330it [22:38,  4.12s/it]
331it [22:42,  4.14s/it]
332it [22:46,  4.14s/it]
333it [22:50,  4.15s/it]
334it [22:54,  4.13s/it]
335it [22:58,  4.15s/it]
336it [23:02,  4.12s/it]
337it [23:07,  4.15s/it]
338it [23:11,  4.13s/it]
339it [23:15,  4.14s/it]
340it [23:19,  4.12s/it]
341it [23:23,  4.13s/it]
342it [23:27,  4.09s/it]
343it [23:31,  4.12s/it]
344it [23:35,  4.08s/it]
345it [23:39,  4.05s/it]
346it [23:43,  4.02s/it]
347it [23:47,  4.02s/it]
348it [23:51,  4.01s/it]
349it [23:55,  3.99s/it]
350it [23:59,  3.99s/it]
351it [24:03,  3.98s/it]
352it [24:07,  3.98s/it]
353it [24:11,  4.01s/it]
354it [24:15,  4.04s/it]
355it [24:19,  4.07s/it]
356it [24:23,  4.05s/it]
357it [24:28,  4.06s/it]
358it [24:32,  4.08s/it]
359it [24:36,  4.09s/it]
360it [24:40,  4.13s/it]
361it [24:44,  4.12s/it]
362it [24:48,  4.09s/it]
363it [24:52,  4.08s/it]
364it [24:56,  4.08s/it]
365it [25:00,  4.07s/it]
366it [25:04,  4.04s/it]
367it [25:08,  4.05s/it]
368it [25:12,  4.05s/it]
369it [25:16,  4.04s/it]
370it [25:21,  4.09s/it]
371it [25:25,  4.13s/it]
372it [25:29,  4.13s/it]
373it [25:33,  4.19s/it]
374it [25:38,  4.20s/it]
375it [25:42,  4.18s/it]
376it [25:46,  4.13s/it]
377it [25:50,  4.11s/it]
378it [25:53,  3.92s/it]
378it [25:53,  4.11s/it]

  0%|          | 0/48 [00:00<?, ?it/s]
  2%|▏         | 1/48 [00:04<03:22,  4.31s/it]
  4%|▍         | 2/48 [00:08<03:16,  4.27s/it]
  6%|▋         | 3/48 [00:12<03:12,  4.28s/it]
  8%|▊         | 4/48 [00:17<03:08,  4.28s/it]
 10%|█         | 5/48 [00:21<03:06,  4.33s/it]
 12%|█▎        | 6/48 [00:25<03:00,  4.31s/it]
 15%|█▍        | 7/48 [00:30<02:56,  4.31s/it]
 17%|█▋        | 8/48 [00:34<02:52,  4.31s/it]
 19%|█▉        | 9/48 [00:38<02:47,  4.29s/it]
 21%|██        | 10/48 [00:42<02:41,  4.26s/it]
 23%|██▎       | 11/48 [00:47<02:38,  4.27s/it]
 25%|██▌       | 12/48 [00:51<02:32,  4.23s/it]
 27%|██▋       | 13/48 [00:55<02:26,  4.19s/it]
 29%|██▉       | 14/48 [00:59<02:22,  4.18s/it]
 31%|███▏      | 15/48 [01:03<02:19,  4.23s/it]
 33%|███▎      | 16/48 [01:08<02:15,  4.24s/it]
 35%|███▌      | 17/48 [01:12<02:12,  4.28s/it]
 38%|███▊      | 18/48 [01:16<02:08,  4.28s/it]
 40%|███▉      | 19/48 [01:21<02:04,  4.28s/it]
 42%|████▏     | 20/48 [01:25<01:58,  4.22s/it]
 44%|████▍     | 21/48 [01:29<01:53,  4.19s/it]
 46%|████▌     | 22/48 [01:33<01:48,  4.17s/it]
 48%|████▊     | 23/48 [01:37<01:43,  4.15s/it]
 50%|█████     | 24/48 [01:41<01:38,  4.11s/it]
 52%|█████▏    | 25/48 [01:45<01:34,  4.09s/it]
 54%|█████▍    | 26/48 [01:49<01:30,  4.11s/it]
 56%|█████▋    | 27/48 [01:53<01:26,  4.11s/it]
 58%|█████▊    | 28/48 [01:58<01:22,  4.14s/it]
 60%|██████    | 29/48 [02:02<01:19,  4.17s/it]
 62%|██████▎   | 30/48 [02:06<01:15,  4.22s/it]
 65%|██████▍   | 31/48 [02:10<01:10,  4.17s/it]
 67%|██████▋   | 32/48 [02:14<01:06,  4.14s/it]
 69%|██████▉   | 33/48 [02:18<01:01,  4.12s/it]
 71%|███████   | 34/48 [02:23<00:58,  4.17s/it]
 73%|███████▎  | 35/48 [02:27<00:54,  4.16s/it]
 75%|███████▌  | 36/48 [02:31<00:48,  4.08s/it]
 77%|███████▋  | 37/48 [02:35<00:45,  4.10s/it]
 79%|███████▉  | 38/48 [02:39<00:41,  4.14s/it]
 81%|████████▏ | 39/48 [02:43<00:37,  4.14s/it]
 83%|████████▎ | 40/48 [02:47<00:32,  4.03s/it]
 85%|████████▌ | 41/48 [02:51<00:28,  4.07s/it]
 88%|████████▊ | 42/48 [02:55<00:24,  4.12s/it]
 90%|████████▉ | 43/48 [03:00<00:20,  4.14s/it]
 92%|█████████▏| 44/48 [03:04<00:16,  4.16s/it]
 94%|█████████▍| 45/48 [03:08<00:12,  4.19s/it]
 96%|█████████▌| 46/48 [03:12<00:08,  4.22s/it]
 98%|█████████▊| 47/48 [03:17<00:04,  4.23s/it]
100%|██████████| 48/48 [03:18<00:00,  3.27s/it]
100%|██████████| 48/48 [03:18<00:00,  4.13s/it]
Epoch: 9/20, Val_Acc: 82.17002977174992

0it [00:00, ?it/s]
1it [00:04,  4.17s/it]
2it [00:08,  4.19s/it]
3it [00:12,  4.18s/it]
4it [00:16,  4.19s/it]
5it [00:21,  4.25s/it]
6it [00:25,  4.24s/it]
7it [00:29,  4.22s/it]
8it [00:33,  4.18s/it]
9it [00:37,  4.21s/it]
10it [00:42,  4.20s/it]
11it [00:46,  4.20s/it]
12it [00:50,  4.16s/it]
13it [00:54,  4.22s/it]
14it [00:58,  4.21s/it]
15it [01:03,  4.26s/it]
16it [01:07,  4.30s/it]
17it [01:12,  4.32s/it]
18it [01:16,  4.32s/it]
19it [01:20,  4.34s/it]
20it [01:24,  4.30s/it]
21it [01:29,  4.26s/it]
22it [01:33,  4.23s/it]
23it [01:37,  4.25s/it]
24it [01:41,  4.22s/it]
25it [01:46,  4.25s/it]
26it [01:50,  4.23s/it]
27it [01:54,  4.27s/it]
28it [01:58,  4.26s/it]
29it [02:03,  4.29s/it]
30it [02:07,  4.27s/it]
31it [02:11,  4.28s/it]
32it [02:16,  4.29s/it]
33it [02:20,  4.32s/it]
34it [02:24,  4.31s/it]
35it [02:29,  4.32s/it]
36it [02:33,  4.26s/it]
37it [02:37,  4.21s/it]
38it [02:41,  4.16s/it]
39it [02:45,  4.18s/it]
40it [02:49,  4.21s/it]
41it [02:53,  4.19s/it]
42it [02:58,  4.17s/it]
43it [03:02,  4.13s/it]
44it [03:06,  4.14s/it]
45it [03:10,  4.19s/it]
46it [03:14,  4.21s/it]
47it [03:19,  4.23s/it]
48it [03:23,  4.25s/it]
49it [03:27,  4.22s/it]
50it [03:31,  4.27s/it]
51it [03:36,  4.30s/it]
52it [03:40,  4.33s/it]
53it [03:45,  4.33s/it]
54it [03:49,  4.29s/it]
55it [03:53,  4.21s/it]
56it [03:57,  4.21s/it]
57it [04:01,  4.21s/it]
58it [04:05,  4.24s/it]
59it [04:10,  4.33s/it]
60it [04:14,  4.33s/it]
61it [04:19,  4.31s/it]
62it [04:23,  4.27s/it]
63it [04:27,  4.27s/it]
64it [04:31,  4.28s/it]
65it [04:36,  4.31s/it]
66it [04:40,  4.30s/it]
67it [04:44,  4.27s/it]
68it [04:48,  4.25s/it]
69it [04:53,  4.28s/it]
70it [04:57,  4.27s/it]
71it [05:01,  4.27s/it]
72it [05:05,  4.25s/it]
73it [05:10,  4.24s/it]
74it [05:14,  4.20s/it]
75it [05:18,  4.24s/it]
76it [05:22,  4.21s/it]
77it [05:26,  4.21s/it]
78it [05:31,  4.20s/it]
79it [05:35,  4.18s/it]
80it [05:39,  4.16s/it]
81it [05:43,  4.16s/it]
82it [05:47,  4.15s/it]
83it [05:51,  4.17s/it]
84it [05:55,  4.14s/it]
85it [06:00,  4.17s/it]
86it [06:04,  4.14s/it]
87it [06:08,  4.18s/it]
88it [06:12,  4.16s/it]
89it [06:16,  4.16s/it]
90it [06:20,  4.16s/it]
91it [06:25,  4.13s/it]
92it [06:29,  4.11s/it]
93it [06:33,  4.14s/it]
94it [06:37,  4.13s/it]
95it [06:41,  4.16s/it]
96it [06:45,  4.13s/it]
97it [06:49,  4.13s/it]
98it [06:54,  4.14s/it]
99it [06:58,  4.12s/it]
100it [07:02,  4.14s/it]
101it [07:06,  4.19s/it]
102it [07:10,  4.23s/it]
103it [07:15,  4.25s/it]
104it [07:19,  4.17s/it]
105it [07:23,  4.15s/it]
106it [07:27,  4.18s/it]
107it [07:31,  4.19s/it]
108it [07:35,  4.15s/it]
109it [07:40,  4.23s/it]
110it [07:44,  4.28s/it]
111it [07:49,  4.35s/it]
112it [07:53,  4.36s/it]
113it [07:58,  4.41s/it]
114it [08:02,  4.28s/it]
115it [08:06,  4.26s/it]
116it [08:10,  4.21s/it]
117it [08:14,  4.22s/it]
118it [08:18,  4.19s/it]
119it [08:22,  4.17s/it]
120it [08:26,  4.17s/it]
121it [08:31,  4.17s/it]
122it [08:35,  4.20s/it]
123it [08:39,  4.24s/it]
124it [08:44,  4.26s/it]
125it [08:48,  4.29s/it]
126it [08:52,  4.28s/it]
127it [08:56,  4.28s/it]
128it [09:01,  4.29s/it]
129it [09:05,  4.26s/it]
130it [09:09,  4.24s/it]
131it [09:13,  4.24s/it]
132it [09:17,  4.20s/it]
133it [09:22,  4.18s/it]
134it [09:26,  4.14s/it]
135it [09:30,  4.19s/it]
136it [09:34,  4.18s/it]
137it [09:38,  4.22s/it]
138it [09:43,  4.22s/it]
139it [09:47,  4.28s/it]
140it [09:51,  4.30s/it]
141it [09:56,  4.28s/it]
142it [10:00,  4.29s/it]
143it [10:04,  4.28s/it]
144it [10:08,  4.26s/it]
145it [10:13,  4.30s/it]
146it [10:17,  4.28s/it]
147it [10:21,  4.31s/it]
148it [10:26,  4.29s/it]
149it [10:30,  4.22s/it]
150it [10:34,  4.20s/it]
151it [10:38,  4.21s/it]
152it [10:42,  4.24s/it]
153it [10:47,  4.29s/it]
154it [10:51,  4.25s/it]
155it [10:55,  4.26s/it]
156it [10:59,  4.22s/it]
157it [11:04,  4.25s/it]
158it [11:08,  4.24s/it]
159it [11:12,  4.24s/it]
160it [11:16,  4.23s/it]
161it [11:21,  4.25s/it]
162it [11:25,  4.24s/it]
163it [11:29,  4.22s/it]
164it [11:33,  4.21s/it]
165it [11:37,  4.20s/it]
166it [11:42,  4.18s/it]
167it [11:46,  4.15s/it]
168it [11:50,  4.17s/it]
169it [11:54,  4.16s/it]
170it [11:58,  4.13s/it]
171it [12:02,  4.15s/it]
172it [12:06,  4.12s/it]
173it [12:10,  4.11s/it]
174it [12:14,  4.09s/it]
175it [12:19,  4.12s/it]
176it [12:23,  4.11s/it]
177it [12:27,  4.13s/it]
178it [12:31,  4.10s/it]
179it [12:35,  4.16s/it]
180it [12:39,  4.18s/it]
181it [12:44,  4.19s/it]
182it [12:48,  4.20s/it]
183it [12:52,  4.19s/it]
184it [12:56,  4.23s/it]
185it [13:01,  4.30s/it]
186it [13:05,  4.30s/it]
187it [13:09,  4.29s/it]
188it [13:14,  4.27s/it]
189it [13:18,  4.28s/it]
190it [13:22,  4.25s/it]
191it [13:26,  4.22s/it]
192it [13:30,  4.21s/it]
193it [13:35,  4.17s/it]
194it [13:39,  4.21s/it]
195it [13:43,  4.22s/it]
196it [13:47,  4.24s/it]
197it [13:52,  4.25s/it]
198it [13:56,  4.30s/it]
199it [14:00,  4.32s/it]
200it [14:05,  4.34s/it]
201it [14:09,  4.36s/it]
202it [14:13,  4.26s/it]
203it [14:17,  4.20s/it]
204it [14:21,  4.16s/it]
205it [14:25,  4.14s/it]
206it [14:29,  4.10s/it]
207it [14:34,  4.11s/it]
208it [14:38,  4.07s/it]
209it [14:42,  4.10s/it]
210it [14:46,  4.06s/it]
211it [14:50,  4.10s/it]
212it [14:54,  4.00s/it]
213it [14:58,  3.96s/it]
214it [15:01,  3.91s/it]
215it [15:05,  3.95s/it]
216it [15:09,  3.99s/it]
217it [15:13,  4.00s/it]
218it [15:17,  3.97s/it]
219it [15:21,  3.97s/it]
220it [15:25,  3.92s/it]
221it [15:29,  3.98s/it]
222it [15:33,  3.94s/it]
223it [15:37,  3.93s/it]
224it [15:41,  3.95s/it]
225it [15:45,  3.95s/it]
226it [15:49,  3.92s/it]
227it [15:53,  3.88s/it]
228it [15:57,  3.89s/it]
229it [16:00,  3.89s/it]
230it [16:04,  3.88s/it]
231it [16:08,  3.91s/it]
232it [16:12,  3.91s/it]
233it [16:16,  3.92s/it]
234it [16:20,  3.94s/it]
235it [16:24,  4.00s/it]
236it [16:28,  4.01s/it]
237it [16:32,  4.04s/it]
238it [16:36,  4.05s/it]
239it [16:40,  4.05s/it]
240it [16:45,  4.04s/it]
241it [16:49,  4.03s/it]
242it [16:52,  4.02s/it]
243it [16:56,  4.01s/it]
244it [17:00,  3.99s/it]
245it [17:04,  3.94s/it]
246it [17:08,  3.93s/it]
247it [17:12,  3.95s/it]
248it [17:16,  3.95s/it]
249it [17:20,  4.01s/it]
250it [17:24,  3.99s/it]
251it [17:28,  4.03s/it]
252it [17:32,  4.03s/it]
253it [17:36,  4.01s/it]
254it [17:40,  4.00s/it]
255it [17:44,  4.00s/it]
256it [17:48,  3.96s/it]
257it [17:52,  3.97s/it]
258it [17:56,  3.98s/it]
259it [18:00,  4.03s/it]
260it [18:04,  4.03s/it]
261it [18:08,  3.97s/it]
262it [18:12,  3.94s/it]
263it [18:16,  3.93s/it]
264it [18:20,  3.84s/it]
265it [18:23,  3.85s/it]
266it [18:28,  3.94s/it]
267it [18:32,  4.02s/it]
268it [18:36,  4.08s/it]
269it [18:40,  4.17s/it]
270it [18:45,  4.17s/it]
271it [18:49,  4.20s/it]
272it [18:53,  4.21s/it]
273it [18:57,  4.14s/it]
274it [19:01,  4.03s/it]
275it [19:05,  4.09s/it]
276it [19:09,  4.09s/it]
277it [19:13,  4.13s/it]
278it [19:18,  4.14s/it]
279it [19:22,  4.13s/it]
280it [19:26,  4.10s/it]
281it [19:30,  4.15s/it]
282it [19:34,  4.15s/it]
283it [19:38,  4.13s/it]
284it [19:42,  4.10s/it]
285it [19:46,  4.09s/it]
286it [19:50,  4.05s/it]
287it [19:54,  3.99s/it]
288it [19:58,  3.96s/it]
289it [20:02,  3.99s/it]
290it [20:06,  3.99s/it]
291it [20:10,  4.05s/it]
292it [20:14,  4.04s/it]
293it [20:18,  4.11s/it]
294it [20:23,  4.13s/it]
295it [20:27,  4.12s/it]
296it [20:31,  4.10s/it]
297it [20:35,  4.05s/it]
298it [20:39,  4.07s/it]
299it [20:43,  4.10s/it]
300it [20:47,  4.09s/it]
301it [20:51,  4.07s/it]
302it [20:55,  4.07s/it]
303it [20:59,  4.10s/it]
304it [21:04,  4.13s/it]
305it [21:08,  4.15s/it]
306it [21:12,  4.09s/it]
307it [21:16,  4.11s/it]
308it [21:20,  4.14s/it]
309it [21:24,  4.13s/it]
310it [21:28,  4.02s/it]
311it [21:32,  4.00s/it]
312it [21:36,  3.97s/it]
313it [21:40,  4.00s/it]
314it [21:44,  4.03s/it]
315it [21:48,  4.06s/it]
316it [21:52,  4.01s/it]
317it [21:56,  3.98s/it]
318it [22:00,  4.00s/it]
319it [22:04,  4.03s/it]
320it [22:08,  4.00s/it]
321it [22:12,  3.89s/it]
322it [22:16,  3.92s/it]
323it [22:20,  3.93s/it]
324it [22:24,  3.96s/it]
325it [22:28,  4.03s/it]
326it [22:32,  4.08s/it]
327it [22:36,  4.12s/it]
328it [22:40,  4.11s/it]
329it [22:44,  4.12s/it]
330it [22:48,  4.10s/it]
331it [22:52,  4.04s/it]
332it [22:56,  4.05s/it]
333it [23:00,  4.03s/it]
334it [23:04,  3.98s/it]
335it [23:08,  3.98s/it]
336it [23:12,  3.98s/it]
337it [23:16,  4.03s/it]
338it [23:20,  4.04s/it]
339it [23:25,  4.07s/it]
340it [23:29,  4.07s/it]
341it [23:33,  4.07s/it]
342it [23:37,  4.06s/it]
343it [23:41,  4.11s/it]
344it [23:45,  4.13s/it]
345it [23:49,  4.11s/it]
346it [23:53,  4.12s/it]
347it [23:58,  4.14s/it]
348it [24:02,  4.14s/it]
349it [24:06,  4.13s/it]
350it [24:10,  4.13s/it]
351it [24:14,  4.14s/it]
352it [24:18,  4.16s/it]
353it [24:22,  4.16s/it]
354it [24:27,  4.19s/it]
355it [24:31,  4.23s/it]
356it [24:35,  4.28s/it]
357it [24:40,  4.26s/it]
358it [24:44,  4.22s/it]
359it [24:48,  4.22s/it]
360it [24:52,  4.18s/it]
361it [24:56,  4.18s/it]
362it [25:01,  4.20s/it]
363it [25:05,  4.23s/it]
364it [25:09,  4.22s/it]
365it [25:13,  4.20s/it]
366it [25:17,  4.15s/it]
367it [25:21,  4.17s/it]
368it [25:26,  4.18s/it]
369it [25:30,  4.19s/it]
370it [25:34,  4.21s/it]
371it [25:38,  4.21s/it]
372it [25:42,  4.15s/it]
373it [25:46,  4.16s/it]
374it [25:50,  4.11s/it]
375it [25:55,  4.09s/it]
376it [25:58,  4.04s/it]
377it [26:03,  4.07s/it]
378it [26:06,  3.86s/it]
378it [26:06,  4.14s/it]

  0%|          | 0/48 [00:00<?, ?it/s]
  2%|▏         | 1/48 [00:04<03:14,  4.15s/it]
  4%|▍         | 2/48 [00:08<03:09,  4.12s/it]
  6%|▋         | 3/48 [00:12<03:08,  4.18s/it]
  8%|▊         | 4/48 [00:16<03:04,  4.19s/it]
 10%|█         | 5/48 [00:20<02:59,  4.17s/it]
 12%|█▎        | 6/48 [00:24<02:52,  4.12s/it]
 15%|█▍        | 7/48 [00:28<02:48,  4.11s/it]
 17%|█▋        | 8/48 [00:33<02:46,  4.16s/it]
 19%|█▉        | 9/48 [00:37<02:41,  4.13s/it]
 21%|██        | 10/48 [00:41<02:36,  4.13s/it]
 23%|██▎       | 11/48 [00:45<02:33,  4.15s/it]
 25%|██▌       | 12/48 [00:49<02:30,  4.17s/it]
 27%|██▋       | 13/48 [00:53<02:24,  4.13s/it]
 29%|██▉       | 14/48 [00:58<02:21,  4.16s/it]
 31%|███▏      | 15/48 [01:02<02:16,  4.13s/it]
 33%|███▎      | 16/48 [01:06<02:09,  4.06s/it]
 35%|███▌      | 17/48 [01:10<02:05,  4.03s/it]
 38%|███▊      | 18/48 [01:13<01:58,  3.93s/it]
 40%|███▉      | 19/48 [01:17<01:53,  3.93s/it]
 42%|████▏     | 20/48 [01:21<01:50,  3.93s/it]
 44%|████▍     | 21/48 [01:25<01:44,  3.88s/it]
 46%|████▌     | 22/48 [01:29<01:41,  3.90s/it]
 48%|████▊     | 23/48 [01:33<01:38,  3.93s/it]
 50%|█████     | 24/48 [01:37<01:35,  3.96s/it]
 52%|█████▏    | 25/48 [01:41<01:31,  4.00s/it]
 54%|█████▍    | 26/48 [01:45<01:28,  4.04s/it]
 56%|█████▋    | 27/48 [01:49<01:24,  4.04s/it]
 58%|█████▊    | 28/48 [01:53<01:20,  4.03s/it]
 60%|██████    | 29/48 [01:57<01:15,  3.95s/it]
 62%|██████▎   | 30/48 [02:00<01:09,  3.84s/it]
 65%|██████▍   | 31/48 [02:04<01:05,  3.87s/it]
 67%|██████▋   | 32/48 [02:08<01:02,  3.93s/it]
 69%|██████▉   | 33/48 [02:13<01:00,  4.01s/it]
 71%|███████   | 34/48 [02:17<00:56,  4.05s/it]
 73%|███████▎  | 35/48 [02:21<00:53,  4.10s/it]
 75%|███████▌  | 36/48 [02:25<00:49,  4.13s/it]
 77%|███████▋  | 37/48 [02:29<00:44,  4.09s/it]
 79%|███████▉  | 38/48 [02:33<00:40,  4.10s/it]
 81%|████████▏ | 39/48 [02:38<00:37,  4.15s/it]
 83%|████████▎ | 40/48 [02:42<00:33,  4.13s/it]
 85%|████████▌ | 41/48 [02:46<00:29,  4.17s/it]
 88%|████████▊ | 42/48 [02:50<00:24,  4.15s/it]
 90%|████████▉ | 43/48 [02:54<00:20,  4.13s/it]
 92%|█████████▏| 44/48 [02:58<00:16,  4.13s/it]
 94%|█████████▍| 45/48 [03:02<00:12,  4.05s/it]
 96%|█████████▌| 46/48 [03:06<00:07,  3.99s/it]
 98%|█████████▊| 47/48 [03:10<00:03,  3.97s/it]
100%|██████████| 48/48 [03:11<00:00,  3.05s/it]
100%|██████████| 48/48 [03:11<00:00,  3.99s/it]
Epoch: 10/20, Val_Acc: 82.7323850479656

0it [00:00, ?it/s]
1it [00:03,  3.93s/it]
2it [00:07,  3.90s/it]
3it [00:11,  3.97s/it]
4it [00:15,  3.88s/it]
5it [00:19,  3.91s/it]
6it [00:23,  3.92s/it]
7it [00:27,  3.99s/it]
8it [00:31,  4.00s/it]
9it [00:35,  4.00s/it]
10it [00:39,  4.00s/it]
11it [00:43,  3.99s/it]
12it [00:47,  3.98s/it]
13it [00:51,  4.00s/it]
14it [00:55,  3.97s/it]
15it [00:59,  3.97s/it]
16it [01:03,  3.99s/it]
17it [01:07,  4.02s/it]
18it [01:11,  4.00s/it]
19it [01:15,  3.96s/it]
20it [01:19,  3.94s/it]
21it [01:23,  3.94s/it]
22it [01:27,  3.94s/it]
23it [01:31,  3.94s/it]
24it [01:35,  3.95s/it]
25it [01:39,  3.98s/it]
26it [01:43,  3.96s/it]
27it [01:47,  3.98s/it]
28it [01:51,  3.95s/it]
29it [01:54,  3.89s/it]
30it [01:58,  3.89s/it]
31it [02:02,  3.91s/it]
32it [02:06,  3.92s/it]
33it [02:10,  3.91s/it]
34it [02:14,  3.89s/it]
35it [02:18,  3.91s/it]
36it [02:22,  3.92s/it]
37it [02:26,  3.90s/it]
38it [02:29,  3.90s/it]
39it [02:33,  3.93s/it]
40it [02:37,  3.94s/it]
41it [02:41,  3.97s/it]
42it [02:45,  3.96s/it]
43it [02:49,  3.98s/it]
44it [02:53,  3.92s/it]
45it [02:57,  3.88s/it]
46it [03:01,  3.87s/it]
47it [03:05,  3.85s/it]
48it [03:08,  3.81s/it]
49it [03:12,  3.84s/it]
50it [03:16,  3.90s/it]
51it [03:20,  3.96s/it]
52it [03:24,  3.99s/it]
53it [03:28,  3.98s/it]
54it [03:33,  4.03s/it]
55it [03:37,  4.01s/it]
56it [03:40,  3.97s/it]
57it [03:44,  3.98s/it]
58it [03:48,  4.00s/it]
59it [03:53,  4.04s/it]
60it [03:56,  3.98s/it]
61it [04:00,  3.99s/it]
62it [04:04,  3.98s/it]
63it [04:08,  3.98s/it]
64it [04:12,  4.01s/it]
65it [04:16,  4.01s/it]
66it [04:21,  4.03s/it]
67it [04:25,  4.07s/it]
68it [04:29,  4.10s/it]
69it [04:33,  4.10s/it]
70it [04:37,  4.11s/it]
71it [04:41,  4.12s/it]
72it [04:45,  4.08s/it]
73it [04:49,  4.08s/it]
74it [04:53,  4.01s/it]
75it [04:57,  3.99s/it]
76it [05:01,  4.03s/it]
77it [05:05,  4.07s/it]
78it [05:09,  4.06s/it]
79it [05:13,  4.05s/it]
80it [05:17,  4.00s/it]
81it [05:21,  4.04s/it]
82it [05:26,  4.06s/it]
83it [05:30,  4.07s/it]
84it [05:34,  4.07s/it]
85it [05:38,  4.06s/it]
86it [05:42,  4.10s/it]
87it [05:46,  4.09s/it]
88it [05:50,  4.12s/it]
89it [05:54,  4.13s/it]
90it [05:58,  4.12s/it]
91it [06:02,  4.09s/it]
92it [06:07,  4.09s/it]
93it [06:11,  4.11s/it]
94it [06:15,  4.08s/it]
95it [06:19,  4.10s/it]
96it [06:23,  4.12s/it]
97it [06:27,  4.11s/it]
98it [06:31,  4.10s/it]
99it [06:35,  4.12s/it]
100it [06:39,  4.11s/it]
101it [06:44,  4.09s/it]
102it [06:48,  4.11s/it]
103it [06:52,  4.09s/it]
104it [06:56,  4.10s/it]
105it [07:00,  4.05s/it]
106it [07:04,  4.00s/it]
107it [07:08,  4.02s/it]
108it [07:12,  4.05s/it]
109it [07:16,  4.10s/it]
110it [07:20,  4.10s/it]
111it [07:24,  4.07s/it]
112it [07:28,  4.05s/it]
113it [07:32,  4.08s/it]
114it [07:36,  4.07s/it]
115it [07:40,  4.03s/it]
116it [07:44,  4.03s/it]
117it [07:49,  4.07s/it]
118it [07:53,  4.04s/it]
119it [07:57,  4.03s/it]
120it [08:01,  4.02s/it]
121it [08:04,  4.01s/it]
122it [08:09,  4.02s/it]
123it [08:13,  4.02s/it]
124it [08:16,  3.95s/it]
125it [08:20,  3.94s/it]
126it [08:24,  3.91s/it]
127it [08:28,  3.82s/it]
128it [08:32,  3.86s/it]
129it [08:36,  3.87s/it]
130it [08:39,  3.87s/it]
131it [08:43,  3.91s/it]
132it [08:47,  3.88s/it]
133it [08:51,  3.91s/it]
134it [08:55,  3.94s/it]
135it [08:59,  3.98s/it]
136it [09:03,  3.95s/it]
137it [09:07,  3.93s/it]
138it [09:11,  3.91s/it]
139it [09:15,  3.93s/it]
140it [09:19,  3.89s/it]
141it [09:23,  3.90s/it]
142it [09:27,  3.92s/it]
143it [09:31,  3.96s/it]
144it [09:34,  3.93s/it]
145it [09:38,  3.92s/it]
146it [09:42,  3.92s/it]
147it [09:46,  3.94s/it]
148it [09:50,  3.97s/it]
149it [09:54,  3.97s/it]
150it [09:58,  3.96s/it]
151it [10:02,  3.91s/it]
152it [10:06,  3.91s/it]
153it [10:10,  3.97s/it]
154it [10:14,  4.01s/it]
155it [10:18,  3.99s/it]
156it [10:22,  3.97s/it]
157it [10:26,  3.99s/it]
158it [10:30,  3.98s/it]
159it [10:34,  3.98s/it]
160it [10:38,  3.98s/it]
161it [10:42,  3.95s/it]
162it [10:46,  3.91s/it]
163it [10:50,  3.95s/it]
164it [10:54,  3.93s/it]
165it [10:58,  3.97s/it]
166it [11:02,  3.97s/it]
167it [11:05,  3.94s/it]
168it [11:10,  3.97s/it]
169it [11:14,  4.00s/it]
170it [11:18,  4.01s/it]
171it [11:22,  4.04s/it]
172it [11:26,  4.04s/it]
173it [11:30,  4.06s/it]
174it [11:34,  4.00s/it]
175it [11:38,  4.01s/it]
176it [11:42,  4.02s/it]
177it [11:46,  4.07s/it]
178it [11:50,  4.08s/it]
179it [11:54,  4.05s/it]
180it [11:58,  4.05s/it]
181it [12:02,  4.10s/it]
182it [12:06,  4.11s/it]
183it [12:11,  4.12s/it]
184it [12:15,  4.07s/it]
185it [12:19,  4.11s/it]
186it [12:23,  4.08s/it]
187it [12:27,  4.10s/it]
188it [12:31,  4.10s/it]
189it [12:35,  4.09s/it]
190it [12:39,  4.07s/it]
191it [12:43,  4.08s/it]
192it [12:47,  4.08s/it]
193it [12:51,  4.09s/it]
194it [12:55,  4.08s/it]
195it [13:00,  4.10s/it]
196it [13:04,  4.07s/it]
197it [13:08,  4.05s/it]
198it [13:11,  3.99s/it]
199it [13:15,  3.97s/it]
200it [13:19,  3.97s/it]
201it [13:23,  3.96s/it]
202it [13:27,  3.94s/it]
203it [13:31,  4.00s/it]
204it [13:35,  3.96s/it]
205it [13:39,  3.95s/it]
206it [13:43,  3.98s/it]
207it [13:47,  3.98s/it]
208it [13:51,  3.99s/it]
209it [13:55,  3.97s/it]
210it [13:59,  3.91s/it]
211it [14:03,  3.94s/it]
212it [14:07,  3.91s/it]
213it [14:11,  3.94s/it]
214it [14:15,  3.98s/it]
215it [14:19,  4.02s/it]
216it [14:23,  4.02s/it]
217it [14:27,  4.03s/it]
218it [14:31,  4.05s/it]
219it [14:35,  4.08s/it]
220it [14:39,  4.05s/it]
221it [14:43,  4.09s/it]
222it [14:48,  4.12s/it]
223it [14:52,  4.12s/it]
224it [14:56,  4.09s/it]
225it [15:00,  4.12s/it]
226it [15:04,  4.15s/it]
227it [15:08,  4.15s/it]
228it [15:12,  4.12s/it]
229it [15:16,  4.12s/it]
230it [15:21,  4.13s/it]
231it [15:25,  4.13s/it]
232it [15:29,  4.14s/it]
233it [15:33,  4.16s/it]
234it [15:37,  4.16s/it]
235it [15:41,  4.14s/it]
236it [15:45,  4.13s/it]
237it [15:50,  4.14s/it]
238it [15:54,  4.09s/it]
239it [15:58,  4.05s/it]
240it [16:02,  4.04s/it]
241it [16:06,  4.07s/it]
242it [16:10,  4.04s/it]
243it [16:14,  4.02s/it]
244it [16:17,  3.93s/it]
245it [16:21,  3.91s/it]
246it [16:25,  3.96s/it]
247it [16:29,  4.01s/it]
248it [16:33,  3.99s/it]
249it [16:37,  4.03s/it]
250it [16:42,  4.03s/it]
251it [16:46,  4.04s/it]
252it [16:50,  4.03s/it]
253it [16:54,  4.05s/it]
254it [16:58,  4.07s/it]
255it [17:02,  4.07s/it]
256it [17:06,  3.98s/it]
257it [17:10,  3.98s/it]
258it [17:13,  3.90s/it]
259it [17:17,  3.86s/it]
260it [17:21,  3.85s/it]
261it [17:25,  3.91s/it]
262it [17:29,  3.88s/it]
263it [17:33,  3.86s/it]
264it [17:37,  3.88s/it]
265it [17:41,  3.95s/it]
266it [17:45,  3.97s/it]
267it [17:49,  3.99s/it]
268it [17:53,  3.96s/it]
269it [17:57,  3.96s/it]
270it [18:00,  3.93s/it]
271it [18:04,  3.97s/it]
272it [18:09,  4.00s/it]
273it [18:13,  4.05s/it]
274it [18:17,  4.07s/it]
275it [18:21,  4.09s/it]
276it [18:25,  4.08s/it]
277it [18:29,  4.08s/it]
278it [18:33,  4.07s/it]
279it [18:37,  4.06s/it]
280it [18:41,  4.07s/it]
281it [18:45,  4.07s/it]
282it [18:49,  4.07s/it]
283it [18:53,  4.02s/it]
284it [18:57,  4.02s/it]
285it [19:01,  4.04s/it]
286it [19:05,  4.03s/it]
287it [19:10,  4.08s/it]
288it [19:14,  4.12s/it]
289it [19:18,  4.12s/it]
290it [19:22,  4.11s/it]
291it [19:26,  4.09s/it]
292it [19:30,  4.10s/it]
293it [19:34,  4.14s/it]
294it [19:39,  4.15s/it]
295it [19:43,  4.16s/it]
296it [19:47,  4.14s/it]
297it [19:51,  4.08s/it]
298it [19:55,  4.00s/it]
299it [19:59,  4.01s/it]
300it [20:03,  4.00s/it]
301it [20:07,  4.01s/it]
302it [20:11,  4.01s/it]
303it [20:15,  4.00s/it]
304it [20:19,  3.97s/it]
305it [20:23,  4.01s/it]
306it [20:26,  3.84s/it]
307it [20:30,  3.80s/it]
308it [20:34,  3.81s/it]
309it [20:37,  3.83s/it]
310it [20:41,  3.87s/it]
311it [20:45,  3.89s/it]
312it [20:49,  3.86s/it]
313it [20:53,  3.88s/it]
314it [20:57,  3.93s/it]
315it [21:01,  3.96s/it]
316it [21:05,  3.98s/it]
317it [21:09,  3.97s/it]
318it [21:13,  4.00s/it]
319it [21:17,  4.02s/it]
320it [21:21,  3.98s/it]
321it [21:25,  3.99s/it]
322it [21:29,  3.97s/it]
323it [21:33,  3.93s/it]
324it [21:37,  3.97s/it]
325it [21:41,  4.00s/it]
326it [21:45,  4.02s/it]
327it [21:49,  4.03s/it]
328it [21:53,  4.06s/it]
329it [21:57,  4.06s/it]
330it [22:02,  4.08s/it]
331it [22:05,  4.04s/it]
332it [22:10,  4.04s/it]
333it [22:14,  4.04s/it]
334it [22:18,  4.04s/it]
335it [22:22,  4.06s/it]
336it [22:26,  4.05s/it]
337it [22:30,  4.07s/it]
338it [22:34,  4.09s/it]
339it [22:38,  4.11s/it]
340it [22:42,  4.12s/it]
341it [22:46,  4.09s/it]
342it [22:50,  4.09s/it]
343it [22:54,  4.05s/it]
344it [22:58,  4.05s/it]
345it [23:02,  4.05s/it]
346it [23:07,  4.09s/it]
347it [23:11,  4.15s/it]
348it [23:15,  4.18s/it]
349it [23:19,  4.15s/it]
350it [23:23,  4.15s/it]
351it [23:28,  4.15s/it]
352it [23:32,  4.16s/it]
353it [23:36,  4.13s/it]
354it [23:40,  4.12s/it]
355it [23:44,  4.09s/it]
356it [23:48,  4.08s/it]
357it [23:52,  4.04s/it]
358it [23:56,  4.04s/it]
359it [24:00,  4.06s/it]
360it [24:04,  4.06s/it]
361it [24:08,  4.11s/it]
362it [24:12,  4.10s/it]
363it [24:16,  4.09s/it]
364it [24:21,  4.08s/it]
365it [24:25,  4.07s/it]
366it [24:29,  4.09s/it]
367it [24:33,  4.08s/it]
368it [24:37,  4.08s/it]
369it [24:41,  4.09s/it]
370it [24:45,  4.07s/it]
371it [24:49,  4.11s/it]
372it [24:53,  4.11s/it]
373it [24:57,  4.04s/it]
374it [25:01,  4.05s/it]
375it [25:05,  4.09s/it]
376it [25:10,  4.11s/it]
377it [25:14,  4.09s/it]
378it [25:17,  3.86s/it]
378it [25:17,  4.01s/it]

  0%|          | 0/48 [00:00<?, ?it/s]
  2%|▏         | 1/48 [00:04<03:10,  4.05s/it]
  4%|▍         | 2/48 [00:08<03:05,  4.02s/it]
  6%|▋         | 3/48 [00:12<03:05,  4.12s/it]
  8%|▊         | 4/48 [00:16<03:01,  4.12s/it]
 10%|█         | 5/48 [00:20<02:55,  4.09s/it]
 12%|█▎        | 6/48 [00:24<02:50,  4.05s/it]
 15%|█▍        | 7/48 [00:28<02:45,  4.04s/it]
 17%|█▋        | 8/48 [00:32<02:43,  4.08s/it]
 19%|█▉        | 9/48 [00:36<02:38,  4.07s/it]
 21%|██        | 10/48 [00:40<02:34,  4.05s/it]
 23%|██▎       | 11/48 [00:44<02:30,  4.06s/it]
 25%|██▌       | 12/48 [00:48<02:25,  4.05s/it]
 27%|██▋       | 13/48 [00:52<02:21,  4.06s/it]
 29%|██▉       | 14/48 [00:56<02:18,  4.08s/it]
 31%|███▏      | 15/48 [01:01<02:15,  4.09s/it]
 33%|███▎      | 16/48 [01:05<02:11,  4.11s/it]
 35%|███▌      | 17/48 [01:09<02:07,  4.12s/it]
 38%|███▊      | 18/48 [01:13<02:03,  4.12s/it]
 40%|███▉      | 19/48 [01:17<01:59,  4.13s/it]
 42%|████▏     | 20/48 [01:21<01:55,  4.12s/it]
 44%|████▍     | 21/48 [01:25<01:50,  4.08s/it]
 46%|████▌     | 22/48 [01:29<01:43,  3.98s/it]
 48%|████▊     | 23/48 [01:33<01:40,  4.01s/it]
 50%|█████     | 24/48 [01:37<01:37,  4.08s/it]
 52%|█████▏    | 25/48 [01:41<01:33,  4.09s/it]
 54%|█████▍    | 26/48 [01:46<01:30,  4.10s/it]
 56%|█████▋    | 27/48 [01:50<01:25,  4.08s/it]
 58%|█████▊    | 28/48 [01:54<01:22,  4.11s/it]
 60%|██████    | 29/48 [01:58<01:18,  4.11s/it]
 62%|██████▎   | 30/48 [02:02<01:13,  4.11s/it]
 65%|██████▍   | 31/48 [02:06<01:09,  4.10s/it]
 67%|██████▋   | 32/48 [02:10<01:05,  4.07s/it]
 69%|██████▉   | 33/48 [02:14<01:00,  4.06s/it]
 71%|███████   | 34/48 [02:18<00:56,  4.06s/it]
 73%|███████▎  | 35/48 [02:22<00:53,  4.09s/it]
 75%|███████▌  | 36/48 [02:26<00:48,  4.08s/it]
 77%|███████▋  | 37/48 [02:30<00:44,  4.04s/it]
 79%|███████▉  | 38/48 [02:34<00:40,  4.05s/it]
 81%|████████▏ | 39/48 [02:38<00:36,  4.01s/it]
 83%|████████▎ | 40/48 [02:42<00:32,  4.00s/it]
 85%|████████▌ | 41/48 [02:46<00:28,  4.04s/it]
 88%|████████▊ | 42/48 [02:50<00:24,  4.05s/it]
 90%|████████▉ | 43/48 [02:55<00:20,  4.06s/it]
 92%|█████████▏| 44/48 [02:59<00:16,  4.09s/it]
 94%|█████████▍| 45/48 [03:03<00:12,  4.07s/it]
 96%|█████████▌| 46/48 [03:07<00:08,  4.06s/it]
 98%|█████████▊| 47/48 [03:11<00:04,  4.06s/it]
100%|██████████| 48/48 [03:12<00:00,  3.14s/it]
100%|██████████| 48/48 [03:12<00:00,  4.01s/it]
Epoch: 11/20, Val_Acc: 82.30234866027125

0it [00:00, ?it/s]
1it [00:04,  4.09s/it]
2it [00:08,  4.15s/it]
3it [00:12,  4.16s/it]
4it [00:16,  4.08s/it]
5it [00:20,  4.06s/it]
6it [00:24,  4.05s/it]
7it [00:28,  4.07s/it]
8it [00:32,  4.07s/it]
9it [00:36,  4.06s/it]
10it [00:40,  4.05s/it]
11it [00:44,  4.06s/it]
12it [00:48,  4.01s/it]
13it [00:52,  4.04s/it]
14it [00:56,  4.03s/it]
15it [01:00,  4.05s/it]
16it [01:05,  4.08s/it]
17it [01:09,  4.12s/it]
18it [01:13,  4.14s/it]
19it [01:17,  4.09s/it]
20it [01:21,  4.05s/it]
21it [01:25,  4.02s/it]
22it [01:29,  4.04s/it]
23it [01:33,  4.00s/it]
24it [01:37,  3.98s/it]
25it [01:41,  4.04s/it]
26it [01:45,  4.00s/it]
27it [01:49,  4.01s/it]
28it [01:53,  3.99s/it]
29it [01:57,  3.91s/it]
30it [02:01,  3.94s/it]
31it [02:04,  3.92s/it]
32it [02:08,  3.95s/it]
33it [02:13,  4.01s/it]
34it [02:17,  4.02s/it]
35it [02:21,  4.04s/it]
36it [02:25,  4.05s/it]
37it [02:29,  3.99s/it]
38it [02:33,  4.02s/it]
39it [02:37,  4.07s/it]
40it [02:41,  4.08s/it]
41it [02:45,  4.06s/it]
42it [02:49,  4.07s/it]
43it [02:53,  4.06s/it]
44it [02:57,  4.04s/it]
45it [03:01,  4.07s/it]
46it [03:05,  4.00s/it]
47it [03:09,  4.02s/it]
48it [03:13,  4.02s/it]
49it [03:17,  3.97s/it]
50it [03:21,  4.01s/it]
51it [03:25,  4.02s/it]
52it [03:29,  4.01s/it]
53it [03:33,  4.00s/it]
54it [03:37,  4.00s/it]
55it [03:41,  3.99s/it]
56it [03:45,  3.99s/it]
57it [03:49,  4.05s/it]
58it [03:53,  4.08s/it]
59it [03:58,  4.10s/it]
60it [04:02,  4.12s/it]
61it [04:06,  4.08s/it]
62it [04:10,  4.05s/it]
63it [04:14,  4.03s/it]
64it [04:18,  3.99s/it]
65it [04:22,  4.01s/it]
66it [04:26,  3.99s/it]
67it [04:30,  4.01s/it]
68it [04:34,  3.98s/it]
69it [04:38,  4.00s/it]
70it [04:42,  4.05s/it]
71it [04:46,  4.11s/it]
72it [04:50,  4.15s/it]
73it [04:54,  4.13s/it]
74it [04:59,  4.13s/it]
75it [05:03,  4.10s/it]
76it [05:07,  4.10s/it]
77it [05:10,  3.92s/it]
78it [05:14,  3.86s/it]
79it [05:18,  3.89s/it]
80it [05:22,  3.90s/it]
81it [05:26,  3.96s/it]
82it [05:30,  3.98s/it]
83it [05:34,  4.01s/it]
84it [05:38,  3.97s/it]
85it [05:42,  3.95s/it]
86it [05:46,  3.98s/it]
87it [05:50,  3.98s/it]
88it [05:54,  4.01s/it]
89it [05:58,  4.07s/it]
90it [06:02,  4.10s/it]
91it [06:06,  4.10s/it]
92it [06:10,  4.10s/it]
93it [06:15,  4.11s/it]
94it [06:19,  4.12s/it]
95it [06:23,  4.12s/it]
96it [06:27,  4.12s/it]
97it [06:31,  4.08s/it]
98it [06:35,  4.08s/it]
99it [06:39,  4.10s/it]
100it [06:43,  4.12s/it]
101it [06:48,  4.15s/it]
102it [06:52,  4.15s/it]
103it [06:56,  4.14s/it]
104it [07:00,  4.11s/it]
105it [07:04,  4.08s/it]
106it [07:08,  3.99s/it]
107it [07:12,  4.00s/it]
108it [07:16,  4.00s/it]
109it [07:20,  4.01s/it]
110it [07:24,  4.01s/it]
111it [07:28,  4.02s/it]
112it [07:32,  4.06s/it]
113it [07:36,  4.09s/it]
114it [07:40,  4.09s/it]
115it [07:44,  4.08s/it]
116it [07:48,  4.05s/it]
117it [07:52,  4.04s/it]
118it [07:56,  4.07s/it]
119it [08:00,  4.03s/it]
120it [08:04,  4.03s/it]
121it [08:08,  4.03s/it]
122it [08:12,  4.03s/it]
123it [08:16,  4.02s/it]
124it [08:21,  4.06s/it]
125it [08:24,  3.83s/it]
126it [08:28,  3.83s/it]
127it [08:31,  3.75s/it]
128it [08:35,  3.77s/it]
129it [08:39,  3.88s/it]
130it [08:43,  3.97s/it]
131it [08:48,  4.04s/it]
132it [08:52,  4.05s/it]
133it [08:56,  4.03s/it]
134it [09:00,  4.06s/it]
135it [09:04,  4.10s/it]
136it [09:08,  4.12s/it]
137it [09:12,  4.12s/it]
138it [09:16,  4.15s/it]
139it [09:21,  4.18s/it]
140it [09:25,  4.16s/it]
141it [09:29,  4.15s/it]
142it [09:33,  4.16s/it]
143it [09:37,  4.19s/it]
144it [09:42,  4.21s/it]
145it [09:46,  4.16s/it]
146it [09:50,  4.13s/it]
147it [09:54,  4.11s/it]
148it [09:58,  4.04s/it]
149it [10:01,  3.91s/it]
150it [10:05,  3.92s/it]
151it [10:09,  3.97s/it]
152it [10:13,  3.96s/it]
153it [10:17,  3.98s/it]
154it [10:21,  3.98s/it]
155it [10:25,  4.02s/it]
156it [10:29,  4.01s/it]
157it [10:33,  3.99s/it]
158it [10:37,  4.00s/it]
159it [10:41,  3.98s/it]
160it [10:45,  4.00s/it]
161it [10:49,  4.03s/it]
162it [10:53,  4.04s/it]
163it [10:58,  4.05s/it]
164it [11:02,  4.07s/it]
165it [11:06,  4.08s/it]
166it [11:10,  4.07s/it]
167it [11:14,  4.06s/it]
168it [11:18,  4.04s/it]
169it [11:22,  4.05s/it]
170it [11:26,  4.05s/it]
171it [11:30,  4.06s/it]
172it [11:34,  4.05s/it]
173it [11:38,  4.09s/it]
174it [11:42,  4.09s/it]
175it [11:47,  4.11s/it]
176it [11:51,  4.11s/it]
177it [11:55,  4.05s/it]
178it [11:59,  4.05s/it]
179it [12:03,  4.06s/it]
180it [12:07,  4.04s/it]
181it [12:11,  4.03s/it]
182it [12:15,  4.00s/it]
183it [12:19,  3.97s/it]
184it [12:22,  3.97s/it]
185it [12:26,  3.98s/it]
186it [12:31,  4.01s/it]
187it [12:35,  4.02s/it]
188it [12:39,  4.05s/it]
189it [12:42,  3.88s/it]
190it [12:46,  3.89s/it]
191it [12:50,  3.92s/it]
192it [12:54,  3.89s/it]
193it [12:58,  3.91s/it]
194it [13:02,  3.95s/it]
195it [13:06,  3.96s/it]
196it [13:10,  3.98s/it]
197it [13:14,  3.97s/it]
198it [13:18,  3.95s/it]
199it [13:22,  3.97s/it]
200it [13:26,  4.02s/it]
201it [13:30,  4.01s/it]
202it [13:34,  4.02s/it]
203it [13:38,  4.02s/it]
204it [13:42,  3.97s/it]
205it [13:46,  3.97s/it]
206it [13:50,  4.01s/it]
207it [13:54,  4.02s/it]
208it [13:58,  4.04s/it]
209it [14:02,  4.09s/it]
210it [14:06,  4.11s/it]
211it [14:10,  4.08s/it]
212it [14:14,  4.07s/it]
213it [14:19,  4.12s/it]
214it [14:23,  4.13s/it]
215it [14:27,  4.10s/it]
216it [14:31,  4.11s/it]
217it [14:34,  3.92s/it]
218it [14:39,  3.94s/it]
219it [14:43,  3.98s/it]
220it [14:46,  3.92s/it]
221it [14:50,  3.95s/it]
222it [14:54,  3.96s/it]
223it [14:58,  3.90s/it]
224it [15:02,  3.92s/it]
225it [15:06,  3.87s/it]
226it [15:10,  3.88s/it]
227it [15:14,  3.89s/it]
228it [15:18,  3.97s/it]
229it [15:22,  3.98s/it]
230it [15:26,  4.01s/it]
231it [15:30,  3.98s/it]
232it [15:34,  3.97s/it]
233it [15:38,  4.00s/it]
234it [15:42,  4.00s/it]
235it [15:46,  3.95s/it]
236it [15:49,  3.90s/it]
237it [15:54,  3.96s/it]
238it [15:58,  3.99s/it]
239it [16:02,  4.01s/it]
240it [16:05,  3.73s/it]
241it [16:08,  3.50s/it]
242it [16:11,  3.60s/it]
243it [16:15,  3.67s/it]
244it [16:19,  3.76s/it]
245it [16:23,  3.84s/it]
246it [16:27,  3.71s/it]
247it [16:31,  3.75s/it]
248it [16:34,  3.77s/it]
249it [16:38,  3.82s/it]
250it [16:42,  3.81s/it]
251it [16:46,  3.92s/it]
252it [16:50,  3.92s/it]
253it [16:54,  3.93s/it]
254it [16:58,  3.89s/it]
255it [17:02,  3.88s/it]
256it [17:06,  3.89s/it]
257it [17:10,  3.95s/it]
258it [17:14,  3.93s/it]
259it [17:18,  3.97s/it]
260it [17:22,  3.97s/it]
261it [17:25,  3.78s/it]
262it [17:29,  3.72s/it]
263it [17:33,  3.82s/it]
264it [17:37,  3.86s/it]
265it [17:41,  3.92s/it]
266it [17:45,  3.93s/it]
267it [17:49,  3.93s/it]
268it [17:53,  3.93s/it]
269it [17:56,  3.80s/it]
270it [18:00,  3.82s/it]
271it [18:03,  3.75s/it]
272it [18:07,  3.75s/it]
273it [18:11,  3.76s/it]
274it [18:14,  3.64s/it]
275it [18:18,  3.64s/it]
276it [18:22,  3.74s/it]
277it [18:25,  3.63s/it]
278it [18:29,  3.58s/it]
279it [18:33,  3.69s/it]
280it [18:36,  3.49s/it]
281it [18:40,  3.57s/it]
282it [18:43,  3.39s/it]
283it [18:46,  3.34s/it]
284it [18:49,  3.38s/it]
285it [18:53,  3.58s/it]
286it [18:56,  3.40s/it]
287it [19:00,  3.58s/it]
288it [19:04,  3.68s/it]
289it [19:08,  3.77s/it]
290it [19:12,  3.83s/it]
291it [19:15,  3.66s/it]
292it [19:19,  3.63s/it]
293it [19:23,  3.73s/it]
294it [19:27,  3.77s/it]
295it [19:31,  3.86s/it]
296it [19:35,  3.89s/it]
297it [19:39,  3.98s/it]
298it [19:43,  4.00s/it]
299it [19:47,  3.95s/it]
300it [19:51,  3.90s/it]
301it [19:54,  3.84s/it]
302it [19:58,  3.86s/it]
303it [20:02,  3.68s/it]
304it [20:05,  3.65s/it]
305it [20:09,  3.66s/it]
306it [20:13,  3.75s/it]
307it [20:17,  3.79s/it]
308it [20:21,  3.85s/it]
309it [20:25,  3.90s/it]
310it [20:29,  3.92s/it]
311it [20:33,  3.92s/it]
312it [20:37,  3.97s/it]
313it [20:41,  3.97s/it]
314it [20:44,  3.92s/it]
315it [20:48,  3.82s/it]
316it [20:52,  3.84s/it]
317it [20:56,  3.88s/it]
318it [21:00,  3.89s/it]
319it [21:03,  3.74s/it]
320it [21:07,  3.81s/it]
321it [21:11,  3.87s/it]
322it [21:15,  3.88s/it]
323it [21:19,  3.90s/it]
324it [21:23,  3.94s/it]
325it [21:27,  3.97s/it]
326it [21:31,  3.99s/it]
327it [21:35,  4.01s/it]
328it [21:39,  4.02s/it]
329it [21:43,  4.03s/it]
330it [21:47,  4.02s/it]
331it [21:51,  3.98s/it]
332it [21:55,  3.99s/it]
333it [21:59,  3.94s/it]
334it [22:03,  3.96s/it]
335it [22:07,  3.97s/it]
336it [22:11,  3.93s/it]
337it [22:14,  3.79s/it]
338it [22:18,  3.90s/it]
339it [22:22,  3.93s/it]
340it [22:26,  3.94s/it]
341it [22:30,  3.96s/it]
342it [22:34,  3.82s/it]
343it [22:37,  3.69s/it]
344it [22:41,  3.78s/it]
345it [22:45,  3.87s/it]
346it [22:49,  3.90s/it]
347it [22:53,  3.91s/it]
348it [22:57,  3.94s/it]
349it [23:01,  3.94s/it]
350it [23:05,  3.93s/it]
351it [23:09,  3.97s/it]
352it [23:13,  4.03s/it]
353it [23:17,  4.04s/it]
354it [23:22,  4.10s/it]
355it [23:26,  4.11s/it]
356it [23:30,  4.11s/it]
357it [23:34,  4.12s/it]
358it [23:38,  4.09s/it]
359it [23:42,  4.02s/it]
360it [23:46,  3.94s/it]
361it [23:50,  3.96s/it]
362it [23:54,  4.05s/it]
363it [23:58,  4.07s/it]
364it [24:02,  4.04s/it]
365it [24:06,  4.03s/it]
366it [24:10,  4.06s/it]
367it [24:14,  4.04s/it]
368it [24:18,  4.04s/it]
369it [24:22,  4.02s/it]
370it [24:26,  3.99s/it]
371it [24:30,  4.02s/it]
372it [24:34,  4.01s/it]
373it [24:38,  4.00s/it]
374it [24:42,  4.00s/it]
375it [24:46,  4.04s/it]
376it [24:50,  3.97s/it]
377it [24:54,  3.94s/it]
378it [24:57,  3.74s/it]
378it [24:57,  3.96s/it]

  0%|          | 0/48 [00:00<?, ?it/s]
  2%|▏         | 1/48 [00:03<02:57,  3.78s/it]
  4%|▍         | 2/48 [00:07<02:57,  3.86s/it]
  6%|▋         | 3/48 [00:11<02:44,  3.65s/it]
  8%|▊         | 4/48 [00:15<02:45,  3.77s/it]
 10%|█         | 5/48 [00:19<02:46,  3.88s/it]
 12%|█▎        | 6/48 [00:23<02:43,  3.90s/it]
 15%|█▍        | 7/48 [00:27<02:42,  3.95s/it]
 17%|█▋        | 8/48 [00:30<02:36,  3.92s/it]
 19%|█▉        | 9/48 [00:34<02:33,  3.95s/it]
 21%|██        | 10/48 [00:38<02:28,  3.90s/it]
 23%|██▎       | 11/48 [00:42<02:23,  3.88s/it]
 25%|██▌       | 12/48 [00:46<02:20,  3.90s/it]
 27%|██▋       | 13/48 [00:50<02:12,  3.80s/it]
 29%|██▉       | 14/48 [00:53<02:03,  3.62s/it]
 31%|███▏      | 15/48 [00:57<02:02,  3.71s/it]
 33%|███▎      | 16/48 [01:01<02:03,  3.84s/it]
 35%|███▌      | 17/48 [01:05<02:00,  3.89s/it]
 38%|███▊      | 18/48 [01:08<01:50,  3.67s/it]
 40%|███▉      | 19/48 [01:12<01:50,  3.80s/it]
 42%|████▏     | 20/48 [01:16<01:48,  3.87s/it]
 44%|████▍     | 21/48 [01:20<01:45,  3.90s/it]
 46%|████▌     | 22/48 [01:24<01:42,  3.94s/it]
 48%|████▊     | 23/48 [01:28<01:37,  3.92s/it]
 50%|█████     | 24/48 [01:32<01:33,  3.90s/it]
 52%|█████▏    | 25/48 [01:36<01:30,  3.92s/it]
 54%|█████▍    | 26/48 [01:40<01:25,  3.90s/it]
 56%|█████▋    | 27/48 [01:44<01:22,  3.91s/it]
 58%|█████▊    | 28/48 [01:48<01:19,  3.96s/it]
 60%|██████    | 29/48 [01:52<01:14,  3.93s/it]
 62%|██████▎   | 30/48 [01:56<01:11,  3.97s/it]
 65%|██████▍   | 31/48 [02:00<01:08,  4.02s/it]
 67%|██████▋   | 32/48 [02:04<01:06,  4.13s/it]
 69%|██████▉   | 33/48 [02:09<01:02,  4.18s/it]
 71%|███████   | 34/48 [02:13<00:59,  4.22s/it]
 73%|███████▎  | 35/48 [02:17<00:54,  4.19s/it]
 75%|███████▌  | 36/48 [02:21<00:50,  4.21s/it]
 77%|███████▋  | 37/48 [02:25<00:45,  4.18s/it]
 79%|███████▉  | 38/48 [02:29<00:41,  4.18s/it]
 81%|████████▏ | 39/48 [02:34<00:37,  4.16s/it]
 83%|████████▎ | 40/48 [02:38<00:32,  4.12s/it]
 85%|████████▌ | 41/48 [02:42<00:28,  4.10s/it]
 88%|████████▊ | 42/48 [02:46<00:24,  4.13s/it]
 90%|████████▉ | 43/48 [02:50<00:20,  4.12s/it]
 92%|█████████▏| 44/48 [02:54<00:16,  4.13s/it]
 94%|█████████▍| 45/48 [02:58<00:12,  4.10s/it]
 96%|█████████▌| 46/48 [03:02<00:08,  4.10s/it]
 98%|█████████▊| 47/48 [03:06<00:04,  4.09s/it]
100%|██████████| 48/48 [03:07<00:00,  3.15s/it]
100%|██████████| 48/48 [03:07<00:00,  3.91s/it]
Epoch: 12/20, Val_Acc: 82.53390671518359

0it [00:00, ?it/s]
1it [00:04,  4.03s/it]
2it [00:07,  3.99s/it]
3it [00:11,  3.97s/it]
4it [00:15,  4.00s/it]
5it [00:20,  4.04s/it]
6it [00:24,  4.07s/it]
7it [00:28,  4.11s/it]
8it [00:32,  4.10s/it]
9it [00:36,  4.13s/it]
10it [00:40,  4.10s/it]
11it [00:44,  4.10s/it]
12it [00:48,  4.09s/it]
13it [00:52,  4.08s/it]
14it [00:56,  4.05s/it]
15it [01:00,  3.84s/it]
16it [01:04,  3.90s/it]
17it [01:08,  3.94s/it]
18it [01:12,  3.95s/it]
19it [01:16,  3.98s/it]
20it [01:20,  3.93s/it]
21it [01:24,  3.97s/it]
22it [01:28,  3.97s/it]
23it [01:32,  4.02s/it]
24it [01:36,  4.00s/it]
25it [01:40,  4.06s/it]
26it [01:44,  4.07s/it]
27it [01:48,  4.08s/it]
28it [01:52,  4.07s/it]
29it [01:56,  4.08s/it]
30it [02:00,  4.03s/it]
31it [02:04,  4.06s/it]
32it [02:08,  4.03s/it]
33it [02:12,  3.97s/it]
34it [02:16,  3.96s/it]
35it [02:20,  3.97s/it]
36it [02:24,  4.00s/it]
37it [02:28,  4.02s/it]
38it [02:32,  4.00s/it]
39it [02:36,  4.01s/it]
40it [02:40,  4.03s/it]
41it [02:44,  4.06s/it]
42it [02:48,  3.98s/it]
43it [02:52,  3.99s/it]
44it [02:56,  3.97s/it]
45it [03:00,  3.99s/it]
46it [03:04,  4.00s/it]
47it [03:08,  4.01s/it]
48it [03:12,  4.02s/it]
49it [03:17,  4.08s/it]
50it [03:21,  4.07s/it]
51it [03:25,  4.09s/it]
52it [03:29,  4.04s/it]
53it [03:33,  4.07s/it]
54it [03:37,  4.05s/it]
55it [03:41,  4.04s/it]
56it [03:45,  4.06s/it]
57it [03:49,  4.04s/it]
58it [03:53,  3.98s/it]
59it [03:57,  4.00s/it]
60it [04:01,  4.01s/it]
61it [04:05,  4.03s/it]
62it [04:09,  3.97s/it]
63it [04:12,  3.90s/it]
64it [04:17,  3.94s/it]
65it [04:21,  3.97s/it]
66it [04:25,  3.99s/it]
67it [04:28,  3.96s/it]
68it [04:32,  3.95s/it]
69it [04:36,  3.98s/it]
70it [04:40,  3.97s/it]
71it [04:44,  3.93s/it]
72it [04:48,  3.85s/it]
73it [04:52,  3.82s/it]
74it [04:56,  3.83s/it]
75it [04:59,  3.86s/it]
76it [05:03,  3.88s/it]
77it [05:07,  3.85s/it]
78it [05:11,  3.83s/it]
79it [05:15,  3.83s/it]
80it [05:19,  3.80s/it]
81it [05:22,  3.84s/it]
82it [05:26,  3.85s/it]
83it [05:30,  3.88s/it]
84it [05:34,  3.85s/it]
85it [05:38,  3.86s/it]
86it [05:42,  3.84s/it]
87it [05:46,  3.84s/it]
88it [05:49,  3.82s/it]
89it [05:53,  3.84s/it]
90it [05:57,  3.85s/it]
91it [06:01,  3.86s/it]
92it [06:05,  3.86s/it]
93it [06:09,  3.87s/it]
94it [06:13,  3.86s/it]
95it [06:17,  3.90s/it]
96it [06:20,  3.90s/it]
97it [06:24,  3.94s/it]
98it [06:28,  3.95s/it]
99it [06:33,  4.00s/it]
100it [06:36,  3.97s/it]
101it [06:40,  3.97s/it]
102it [06:44,  3.96s/it]
103it [06:48,  3.93s/it]
104it [06:52,  3.90s/it]
105it [06:56,  3.94s/it]
106it [07:00,  3.95s/it]
107it [07:04,  3.98s/it]
108it [07:08,  3.94s/it]
109it [07:12,  3.91s/it]
110it [07:16,  3.88s/it]
111it [07:20,  3.91s/it]
112it [07:24,  3.91s/it]
113it [07:27,  3.91s/it]
114it [07:31,  3.90s/it]
115it [07:35,  3.89s/it]
116it [07:39,  3.88s/it]
117it [07:43,  3.90s/it]
118it [07:47,  3.96s/it]
119it [07:51,  3.95s/it]
120it [07:55,  3.98s/it]
121it [07:59,  4.00s/it]
122it [08:03,  4.03s/it]
123it [08:07,  4.07s/it]
124it [08:11,  4.08s/it]
125it [08:16,  4.10s/it]
126it [08:20,  4.07s/it]
127it [08:24,  4.09s/it]
128it [08:28,  4.10s/it]
129it [08:32,  4.04s/it]
130it [08:36,  4.05s/it]
131it [08:40,  4.05s/it]
132it [08:44,  4.02s/it]
133it [08:48,  4.04s/it]
134it [08:52,  4.03s/it]
135it [08:56,  4.04s/it]
136it [09:00,  4.01s/it]
137it [09:04,  4.04s/it]
138it [09:08,  3.99s/it]
139it [09:12,  4.00s/it]
140it [09:16,  4.02s/it]
141it [09:20,  3.98s/it]
142it [09:24,  3.99s/it]
143it [09:28,  4.00s/it]
144it [09:32,  4.00s/it]
145it [09:36,  4.05s/it]
146it [09:40,  4.07s/it]
147it [09:44,  4.03s/it]
148it [09:48,  4.02s/it]
149it [09:52,  3.99s/it]
150it [09:56,  3.99s/it]
151it [10:00,  3.94s/it]
152it [10:04,  3.94s/it]
153it [10:08,  3.93s/it]
154it [10:12,  3.98s/it]
155it [10:16,  3.98s/it]
156it [10:20,  4.00s/it]
157it [10:24,  4.00s/it]
158it [10:28,  4.02s/it]
159it [10:32,  4.04s/it]
160it [10:36,  4.03s/it]
161it [10:40,  4.01s/it]
162it [10:44,  3.98s/it]
163it [10:48,  3.95s/it]
164it [10:52,  3.94s/it]
165it [10:55,  3.81s/it]
166it [10:59,  3.81s/it]
167it [11:03,  3.84s/it]
168it [11:07,  3.86s/it]
169it [11:11,  3.87s/it]
170it [11:14,  3.84s/it]
171it [11:18,  3.85s/it]
172it [11:22,  3.87s/it]
173it [11:26,  3.91s/it]
174it [11:30,  3.93s/it]
175it [11:34,  3.97s/it]
176it [11:38,  3.94s/it]
177it [11:42,  3.89s/it]
178it [11:46,  3.87s/it]
179it [11:50,  3.92s/it]
180it [11:54,  3.92s/it]
181it [11:58,  3.95s/it]
182it [12:02,  3.94s/it]
183it [12:06,  3.99s/it]
184it [12:10,  3.99s/it]
185it [12:14,  4.09s/it]
186it [12:18,  4.03s/it]
187it [12:22,  4.05s/it]
188it [12:26,  4.04s/it]
189it [12:30,  4.05s/it]
190it [12:34,  4.06s/it]
191it [12:38,  4.09s/it]
192it [12:43,  4.13s/it]
193it [12:47,  4.13s/it]
194it [12:51,  4.10s/it]
195it [12:55,  4.14s/it]
196it [12:59,  4.14s/it]
197it [13:03,  4.12s/it]
198it [13:07,  4.15s/it]
199it [13:12,  4.21s/it]
200it [13:16,  4.17s/it]
201it [13:20,  4.20s/it]
202it [13:24,  4.17s/it]
203it [13:28,  4.18s/it]
204it [13:32,  4.15s/it]
205it [13:37,  4.17s/it]
206it [13:41,  4.18s/it]
207it [13:45,  4.14s/it]
208it [13:49,  4.12s/it]
209it [13:53,  4.12s/it]
210it [13:57,  4.11s/it]
211it [14:01,  4.07s/it]
212it [14:05,  4.08s/it]
213it [14:09,  4.10s/it]
214it [14:14,  4.10s/it]
215it [14:18,  4.11s/it]
216it [14:22,  4.09s/it]
217it [14:26,  4.09s/it]
218it [14:30,  4.07s/it]
219it [14:34,  4.07s/it]
220it [14:38,  4.07s/it]
221it [14:42,  4.07s/it]
222it [14:46,  4.08s/it]
223it [14:50,  4.06s/it]
224it [14:54,  4.03s/it]
225it [14:58,  4.05s/it]
226it [15:02,  4.03s/it]
227it [15:06,  4.03s/it]
228it [15:10,  4.02s/it]
229it [15:14,  4.03s/it]
230it [15:18,  4.02s/it]
231it [15:22,  4.03s/it]
232it [15:26,  4.02s/it]
233it [15:30,  4.00s/it]
234it [15:34,  3.94s/it]
235it [15:38,  3.98s/it]
236it [15:42,  4.00s/it]
237it [15:46,  4.03s/it]
238it [15:50,  3.99s/it]
239it [15:54,  4.00s/it]
240it [15:58,  4.01s/it]
241it [16:02,  4.03s/it]
242it [16:06,  4.05s/it]
243it [16:11,  4.12s/it]
244it [16:15,  4.12s/it]
245it [16:19,  4.13s/it]
246it [16:23,  4.10s/it]
247it [16:27,  4.04s/it]
248it [16:31,  4.01s/it]
249it [16:35,  4.01s/it]
250it [16:39,  3.96s/it]
251it [16:43,  3.98s/it]
252it [16:47,  3.94s/it]
253it [16:50,  3.91s/it]
254it [16:54,  3.92s/it]
255it [16:58,  3.95s/it]
256it [17:02,  3.96s/it]
257it [17:06,  3.97s/it]
258it [17:10,  3.96s/it]
259it [17:14,  3.96s/it]
260it [17:18,  3.96s/it]
261it [17:22,  3.97s/it]
262it [17:26,  3.98s/it]
263it [17:30,  3.98s/it]
264it [17:34,  3.98s/it]
265it [17:38,  4.04s/it]
266it [17:43,  4.06s/it]
267it [17:47,  4.10s/it]
268it [17:51,  4.02s/it]
269it [17:54,  3.99s/it]
270it [17:58,  3.93s/it]
271it [18:02,  3.94s/it]
272it [18:06,  3.96s/it]
273it [18:10,  3.95s/it]
274it [18:14,  3.95s/it]
275it [18:18,  3.99s/it]
276it [18:22,  3.91s/it]
277it [18:26,  3.95s/it]
278it [18:30,  4.00s/it]
279it [18:34,  3.98s/it]
280it [18:38,  3.98s/it]
281it [18:42,  4.02s/it]
282it [18:46,  3.96s/it]
283it [18:50,  3.94s/it]
284it [18:54,  3.95s/it]
285it [18:58,  3.93s/it]
286it [19:01,  3.87s/it]
287it [19:05,  3.88s/it]
288it [19:09,  3.89s/it]
289it [19:13,  3.91s/it]
290it [19:17,  3.83s/it]
291it [19:21,  3.84s/it]
292it [19:25,  3.91s/it]
293it [19:29,  3.98s/it]
294it [19:33,  4.04s/it]
295it [19:37,  4.02s/it]
296it [19:41,  4.01s/it]
297it [19:45,  4.00s/it]
298it [19:49,  4.01s/it]
299it [19:53,  4.06s/it]
300it [19:57,  4.05s/it]
301it [20:01,  4.07s/it]
302it [20:05,  4.07s/it]
303it [20:09,  4.02s/it]
304it [20:13,  3.97s/it]
305it [20:17,  4.03s/it]
306it [20:21,  4.06s/it]
307it [20:26,  4.08s/it]
308it [20:30,  4.08s/it]
309it [20:34,  4.08s/it]
310it [20:38,  4.10s/it]
311it [20:42,  4.13s/it]
312it [20:46,  4.15s/it]
313it [20:51,  4.18s/it]
314it [20:55,  4.13s/it]
315it [20:59,  4.10s/it]
316it [21:03,  4.12s/it]
317it [21:07,  4.11s/it]
318it [21:11,  4.05s/it]
319it [21:15,  4.09s/it]
320it [21:19,  4.08s/it]
321it [21:23,  4.09s/it]
322it [21:27,  4.06s/it]
323it [21:31,  4.06s/it]
324it [21:35,  4.08s/it]
325it [21:39,  4.13s/it]
326it [21:44,  4.14s/it]
327it [21:48,  4.17s/it]
328it [21:52,  4.18s/it]
329it [21:56,  4.21s/it]
330it [22:01,  4.20s/it]
331it [22:05,  4.13s/it]
332it [22:08,  4.06s/it]
333it [22:13,  4.09s/it]
334it [22:17,  4.09s/it]
335it [22:21,  4.05s/it]
336it [22:25,  4.04s/it]
337it [22:28,  3.98s/it]
338it [22:32,  3.93s/it]
339it [22:36,  3.96s/it]
340it [22:40,  3.96s/it]
341it [22:44,  3.97s/it]
342it [22:48,  4.00s/it]
343it [22:52,  4.01s/it]
344it [22:56,  3.99s/it]
345it [23:00,  4.01s/it]
346it [23:04,  4.01s/it]
347it [23:08,  4.00s/it]
348it [23:12,  3.98s/it]
349it [23:16,  4.02s/it]
350it [23:21,  4.06s/it]
351it [23:25,  4.10s/it]
352it [23:29,  4.04s/it]
353it [23:32,  3.95s/it]
354it [23:36,  3.94s/it]
355it [23:40,  3.94s/it]
356it [23:44,  3.96s/it]
357it [23:48,  3.99s/it]
358it [23:52,  3.99s/it]
359it [23:56,  4.04s/it]
360it [24:00,  4.00s/it]
361it [24:04,  3.91s/it]
362it [24:08,  3.90s/it]
363it [24:12,  3.95s/it]
364it [24:16,  3.94s/it]
365it [24:20,  3.97s/it]
366it [24:24,  4.01s/it]
367it [24:28,  4.00s/it]
368it [24:32,  3.98s/it]
369it [24:36,  3.99s/it]
370it [24:40,  4.00s/it]
371it [24:44,  4.04s/it]
372it [24:48,  4.04s/it]
373it [24:52,  4.07s/it]
374it [24:56,  4.08s/it]
375it [25:00,  4.04s/it]
376it [25:04,  4.01s/it]
377it [25:08,  3.99s/it]
378it [25:12,  3.81s/it]
378it [25:12,  4.00s/it]

  0%|          | 0/48 [00:00<?, ?it/s]
  2%|▏         | 1/48 [00:04<03:20,  4.27s/it]
  4%|▍         | 2/48 [00:08<03:15,  4.25s/it]
  6%|▋         | 3/48 [00:12<03:09,  4.22s/it]
  8%|▊         | 4/48 [00:16<03:05,  4.20s/it]
 10%|█         | 5/48 [00:21<03:00,  4.19s/it]
 12%|█▎        | 6/48 [00:25<02:55,  4.17s/it]
 15%|█▍        | 7/48 [00:29<02:50,  4.16s/it]
 17%|█▋        | 8/48 [00:33<02:44,  4.11s/it]
 19%|█▉        | 9/48 [00:37<02:40,  4.11s/it]
 21%|██        | 10/48 [00:41<02:36,  4.13s/it]
 23%|██▎       | 11/48 [00:45<02:32,  4.12s/it]
 25%|██▌       | 12/48 [00:49<02:27,  4.11s/it]
 27%|██▋       | 13/48 [00:53<02:24,  4.13s/it]
 29%|██▉       | 14/48 [00:58<02:20,  4.12s/it]
 31%|███▏      | 15/48 [01:02<02:16,  4.13s/it]
 33%|███▎      | 16/48 [01:06<02:12,  4.15s/it]
 35%|███▌      | 17/48 [01:10<02:09,  4.17s/it]
 38%|███▊      | 18/48 [01:14<02:03,  4.11s/it]
 40%|███▉      | 19/48 [01:18<01:59,  4.14s/it]
 42%|████▏     | 20/48 [01:22<01:56,  4.15s/it]
 44%|████▍     | 21/48 [01:27<01:51,  4.13s/it]
 46%|████▌     | 22/48 [01:31<01:46,  4.11s/it]
 48%|████▊     | 23/48 [01:35<01:41,  4.07s/it]
 50%|█████     | 24/48 [01:39<01:36,  4.02s/it]
 52%|█████▏    | 25/48 [01:43<01:33,  4.05s/it]
 54%|█████▍    | 26/48 [01:47<01:28,  4.03s/it]
 56%|█████▋    | 27/48 [01:51<01:24,  4.04s/it]
 58%|█████▊    | 28/48 [01:55<01:20,  4.04s/it]
 60%|██████    | 29/48 [01:59<01:16,  4.02s/it]
 62%|██████▎   | 30/48 [02:03<01:12,  4.03s/it]
 65%|██████▍   | 31/48 [02:07<01:08,  4.03s/it]
 67%|██████▋   | 32/48 [02:11<01:04,  4.06s/it]
 69%|██████▉   | 33/48 [02:15<01:00,  4.06s/it]
 71%|███████   | 34/48 [02:19<00:56,  4.05s/it]
 73%|███████▎  | 35/48 [02:23<00:52,  4.03s/it]
 75%|███████▌  | 36/48 [02:27<00:47,  3.99s/it]
 77%|███████▋  | 37/48 [02:31<00:43,  4.00s/it]
 79%|███████▉  | 38/48 [02:35<00:40,  4.00s/it]
 81%|████████▏ | 39/48 [02:39<00:35,  3.99s/it]
 83%|████████▎ | 40/48 [02:43<00:31,  3.96s/it]
 85%|████████▌ | 41/48 [02:47<00:27,  3.96s/it]
 88%|████████▊ | 42/48 [02:51<00:23,  3.93s/it]
 90%|████████▉ | 43/48 [02:55<00:19,  4.00s/it]
 92%|█████████▏| 44/48 [02:59<00:16,  4.01s/it]
 94%|█████████▍| 45/48 [03:03<00:12,  4.01s/it]
 96%|█████████▌| 46/48 [03:07<00:08,  4.03s/it]
 98%|█████████▊| 47/48 [03:11<00:04,  4.08s/it]
100%|██████████| 48/48 [03:12<00:00,  3.16s/it]
100%|██████████| 48/48 [03:12<00:00,  4.01s/it]
Epoch: 13/20, Val_Acc: 82.33542838240159

0it [00:00, ?it/s]
1it [00:04,  4.06s/it]
2it [00:08,  4.08s/it]
3it [00:12,  4.06s/it]
4it [00:16,  4.05s/it]
5it [00:20,  4.12s/it]
6it [00:24,  4.09s/it]
7it [00:28,  4.11s/it]
8it [00:32,  4.09s/it]
9it [00:36,  4.07s/it]
10it [00:40,  4.07s/it]
11it [00:44,  4.06s/it]
12it [00:48,  4.02s/it]
13it [00:52,  3.97s/it]
14it [00:56,  3.90s/it]
15it [01:00,  3.84s/it]
16it [01:03,  3.87s/it]
17it [01:08,  3.93s/it]
18it [01:12,  3.94s/it]
19it [01:16,  3.97s/it]
20it [01:20,  3.99s/it]
21it [01:24,  4.02s/it]
22it [01:28,  4.04s/it]
23it [01:32,  4.03s/it]
24it [01:36,  3.99s/it]
25it [01:40,  4.00s/it]
26it [01:44,  3.96s/it]
27it [01:48,  3.99s/it]
28it [01:51,  3.95s/it]
29it [01:55,  3.96s/it]
30it [01:59,  3.97s/it]
31it [02:03,  3.94s/it]
32it [02:07,  3.93s/it]
33it [02:11,  3.91s/it]
34it [02:15,  3.90s/it]
35it [02:19,  3.91s/it]
36it [02:23,  3.88s/it]
37it [02:27,  3.91s/it]
38it [02:31,  3.88s/it]
39it [02:34,  3.88s/it]
40it [02:38,  3.91s/it]
41it [02:42,  3.89s/it]
42it [02:46,  3.89s/it]
43it [02:50,  3.86s/it]
44it [02:54,  3.87s/it]
45it [02:58,  3.90s/it]
46it [03:02,  3.94s/it]
47it [03:06,  3.98s/it]
48it [03:10,  4.05s/it]
49it [03:14,  3.87s/it]
50it [03:17,  3.89s/it]
51it [03:21,  3.93s/it]
52it [03:25,  3.95s/it]
53it [03:29,  3.88s/it]
54it [03:33,  3.91s/it]
55it [03:37,  3.88s/it]
56it [03:41,  3.94s/it]
57it [03:45,  3.99s/it]
58it [03:49,  3.98s/it]
59it [03:53,  3.97s/it]
60it [03:57,  3.92s/it]
61it [04:01,  3.86s/it]
62it [04:05,  3.87s/it]
63it [04:08,  3.90s/it]
64it [04:13,  3.96s/it]
65it [04:17,  3.99s/it]
66it [04:21,  3.97s/it]
67it [04:24,  3.94s/it]
68it [04:28,  3.94s/it]
69it [04:32,  3.89s/it]
70it [04:36,  3.88s/it]
71it [04:40,  3.91s/it]
72it [04:44,  3.89s/it]
73it [04:48,  3.92s/it]
74it [04:52,  3.93s/it]
75it [04:56,  3.99s/it]
76it [05:00,  3.95s/it]
77it [05:04,  3.92s/it]
78it [05:07,  3.91s/it]
79it [05:11,  3.90s/it]
80it [05:15,  3.93s/it]
81it [05:19,  3.96s/it]
82it [05:23,  3.79s/it]
83it [05:27,  3.79s/it]
84it [05:30,  3.81s/it]
85it [05:34,  3.82s/it]
86it [05:38,  3.84s/it]
87it [05:42,  3.88s/it]
88it [05:46,  3.91s/it]
89it [05:50,  3.90s/it]
90it [05:54,  3.94s/it]
91it [05:58,  4.00s/it]
92it [06:02,  4.07s/it]
93it [06:06,  4.03s/it]
94it [06:10,  3.99s/it]
95it [06:14,  3.94s/it]
96it [06:18,  3.86s/it]
97it [06:22,  3.87s/it]
98it [06:25,  3.84s/it]
99it [06:29,  3.89s/it]
100it [06:33,  3.88s/it]
101it [06:37,  3.90s/it]
102it [06:41,  3.84s/it]
103it [06:44,  3.63s/it]
104it [06:48,  3.67s/it]
105it [06:52,  3.72s/it]
106it [06:56,  3.85s/it]
107it [07:00,  3.92s/it]
108it [07:04,  3.90s/it]
109it [07:08,  3.90s/it]
110it [07:12,  3.90s/it]
111it [07:15,  3.85s/it]
112it [07:19,  3.84s/it]
113it [07:23,  3.85s/it]
114it [07:27,  3.87s/it]
115it [07:30,  3.76s/it]
116it [07:34,  3.75s/it]
117it [07:38,  3.79s/it]
118it [07:42,  3.84s/it]
119it [07:46,  3.87s/it]
120it [07:50,  3.84s/it]
121it [07:54,  3.86s/it]
122it [07:57,  3.85s/it]
123it [08:01,  3.86s/it]
124it [08:05,  3.81s/it]
125it [08:09,  3.86s/it]
126it [08:13,  3.91s/it]
127it [08:17,  3.91s/it]
128it [08:21,  3.92s/it]
129it [08:25,  3.92s/it]
130it [08:29,  3.95s/it]
131it [08:33,  3.96s/it]
132it [08:37,  3.94s/it]
133it [08:40,  3.88s/it]
134it [08:45,  3.99s/it]
135it [08:49,  4.03s/it]
136it [08:53,  3.99s/it]
137it [08:57,  4.03s/it]
138it [09:01,  4.05s/it]
139it [09:05,  4.09s/it]
140it [09:09,  4.01s/it]
141it [09:13,  4.05s/it]
142it [09:17,  3.98s/it]
143it [09:21,  3.98s/it]
144it [09:25,  4.00s/it]
145it [09:29,  4.02s/it]
146it [09:33,  4.04s/it]
147it [09:37,  4.06s/it]
148it [09:41,  3.99s/it]
149it [09:45,  3.96s/it]
150it [09:49,  3.95s/it]
151it [09:53,  3.92s/it]
152it [09:56,  3.90s/it]
153it [10:00,  3.90s/it]
154it [10:04,  3.88s/it]
155it [10:08,  3.88s/it]
156it [10:12,  3.86s/it]
157it [10:16,  3.85s/it]
158it [10:20,  3.85s/it]
159it [10:23,  3.87s/it]
160it [10:27,  3.85s/it]
161it [10:31,  3.86s/it]
162it [10:35,  3.86s/it]
163it [10:39,  3.84s/it]
164it [10:43,  3.88s/it]
165it [10:47,  3.90s/it]
166it [10:51,  3.88s/it]
167it [10:54,  3.87s/it]
168it [10:58,  3.89s/it]
169it [11:02,  3.90s/it]
170it [11:06,  3.90s/it]
171it [11:10,  3.89s/it]
172it [11:14,  3.88s/it]
173it [11:18,  3.85s/it]
174it [11:22,  3.85s/it]
175it [11:25,  3.87s/it]
176it [11:29,  3.88s/it]
177it [11:33,  3.90s/it]
178it [11:37,  3.88s/it]
179it [11:41,  3.89s/it]
180it [11:45,  3.86s/it]
181it [11:49,  3.86s/it]
182it [11:53,  3.91s/it]
183it [11:57,  3.92s/it]
184it [12:00,  3.87s/it]
185it [12:04,  3.90s/it]
186it [12:08,  3.91s/it]
187it [12:12,  3.91s/it]
188it [12:16,  3.90s/it]
189it [12:20,  3.93s/it]
190it [12:24,  3.96s/it]
191it [12:28,  4.03s/it]
192it [12:32,  3.99s/it]
193it [12:36,  3.93s/it]
194it [12:40,  3.89s/it]
195it [12:44,  3.86s/it]
196it [12:48,  3.88s/it]
197it [12:52,  3.94s/it]
198it [12:56,  3.96s/it]
199it [12:59,  3.93s/it]
200it [13:03,  3.93s/it]
201it [13:08,  3.98s/it]
202it [13:12,  3.99s/it]
203it [13:16,  4.03s/it]
204it [13:20,  4.00s/it]
205it [13:24,  4.02s/it]
206it [13:28,  4.04s/it]
207it [13:32,  4.02s/it]
208it [13:36,  4.02s/it]
209it [13:40,  4.01s/it]
210it [13:44,  3.98s/it]
211it [13:48,  4.02s/it]
212it [13:52,  4.01s/it]
213it [13:56,  3.99s/it]
214it [14:00,  4.02s/it]
215it [14:04,  4.06s/it]
216it [14:08,  4.06s/it]
217it [14:12,  4.05s/it]
218it [14:16,  4.06s/it]
219it [14:20,  4.09s/it]
220it [14:24,  4.10s/it]
221it [14:29,  4.12s/it]
222it [14:33,  4.10s/it]
223it [14:37,  4.11s/it]
224it [14:41,  4.12s/it]
225it [14:45,  4.09s/it]
226it [14:49,  4.11s/it]
227it [14:53,  4.13s/it]
228it [14:57,  4.17s/it]
229it [15:02,  4.14s/it]
230it [15:06,  4.14s/it]
231it [15:10,  4.09s/it]
232it [15:14,  4.07s/it]
233it [15:18,  4.08s/it]
234it [15:22,  4.05s/it]
235it [15:26,  4.04s/it]
236it [15:30,  4.07s/it]
237it [15:34,  4.07s/it]
238it [15:38,  4.07s/it]
239it [15:42,  4.05s/it]
240it [15:46,  4.03s/it]
241it [15:50,  4.03s/it]
242it [15:54,  4.02s/it]
243it [15:58,  4.05s/it]
244it [16:02,  4.01s/it]
245it [16:06,  4.00s/it]
246it [16:10,  4.01s/it]
247it [16:14,  3.98s/it]
248it [16:18,  3.93s/it]
249it [16:22,  3.95s/it]
250it [16:26,  3.94s/it]
251it [16:30,  3.98s/it]
252it [16:34,  3.92s/it]
253it [16:37,  3.89s/it]
254it [16:41,  3.80s/it]
255it [16:45,  3.83s/it]
256it [16:49,  3.81s/it]
257it [16:52,  3.54s/it]
258it [16:55,  3.61s/it]
259it [16:59,  3.76s/it]
260it [17:03,  3.80s/it]
261it [17:07,  3.80s/it]
262it [17:11,  3.82s/it]
263it [17:15,  3.86s/it]
264it [17:19,  3.86s/it]
265it [17:23,  3.89s/it]
266it [17:27,  3.92s/it]
267it [17:31,  3.94s/it]
268it [17:35,  3.95s/it]
269it [17:39,  3.98s/it]
270it [17:43,  3.93s/it]
271it [17:47,  3.93s/it]
272it [17:51,  3.94s/it]
273it [17:54,  3.94s/it]
274it [17:58,  3.93s/it]
275it [18:02,  3.94s/it]
276it [18:06,  3.92s/it]
277it [18:10,  3.92s/it]
278it [18:14,  3.87s/it]
279it [18:17,  3.72s/it]
280it [18:21,  3.72s/it]
281it [18:25,  3.84s/it]
282it [18:29,  3.86s/it]
283it [18:33,  3.88s/it]
284it [18:37,  3.91s/it]
285it [18:41,  3.91s/it]
286it [18:45,  3.90s/it]
287it [18:49,  3.96s/it]
288it [18:53,  3.91s/it]
289it [18:56,  3.91s/it]
290it [19:00,  3.89s/it]
291it [19:04,  3.90s/it]
292it [19:08,  3.91s/it]
293it [19:12,  3.87s/it]
294it [19:16,  3.88s/it]
295it [19:20,  3.90s/it]
296it [19:24,  3.86s/it]
297it [19:27,  3.85s/it]
298it [19:31,  3.89s/it]
299it [19:35,  3.90s/it]
300it [19:39,  3.89s/it]
301it [19:43,  3.90s/it]
302it [19:47,  3.92s/it]
303it [19:51,  3.96s/it]
304it [19:55,  3.98s/it]
305it [19:59,  3.98s/it]
306it [20:03,  3.97s/it]
307it [20:07,  3.96s/it]
308it [20:11,  3.96s/it]
309it [20:15,  3.94s/it]
310it [20:19,  3.92s/it]
311it [20:23,  3.92s/it]
312it [20:26,  3.90s/it]
313it [20:30,  3.92s/it]
314it [20:34,  3.91s/it]
315it [20:38,  3.97s/it]
316it [20:42,  3.98s/it]
317it [20:46,  3.93s/it]
318it [20:50,  3.93s/it]
319it [20:54,  3.91s/it]
320it [20:58,  3.86s/it]
321it [21:02,  3.86s/it]
322it [21:05,  3.84s/it]
323it [21:09,  3.86s/it]
324it [21:13,  3.88s/it]
325it [21:17,  3.97s/it]
326it [21:21,  3.97s/it]
327it [21:25,  3.97s/it]
328it [21:29,  3.99s/it]
329it [21:33,  3.97s/it]
330it [21:37,  3.96s/it]
331it [21:40,  3.73s/it]
332it [21:44,  3.77s/it]
333it [21:48,  3.69s/it]
334it [21:51,  3.67s/it]
335it [21:55,  3.70s/it]
336it [21:59,  3.74s/it]
337it [22:03,  3.78s/it]
338it [22:07,  3.81s/it]
339it [22:11,  3.84s/it]
340it [22:15,  3.81s/it]
341it [22:18,  3.77s/it]
342it [22:22,  3.76s/it]
343it [22:26,  3.75s/it]
344it [22:29,  3.77s/it]
345it [22:34,  3.87s/it]
346it [22:37,  3.88s/it]
347it [22:42,  3.94s/it]
348it [22:46,  3.97s/it]
349it [22:50,  4.01s/it]
350it [22:54,  4.01s/it]
351it [22:58,  4.05s/it]
352it [23:02,  4.09s/it]
353it [23:06,  4.11s/it]
354it [23:10,  4.12s/it]
355it [23:15,  4.14s/it]
356it [23:19,  4.12s/it]
357it [23:23,  4.13s/it]
358it [23:27,  4.13s/it]
359it [23:31,  4.16s/it]
360it [23:35,  4.14s/it]
361it [23:39,  4.12s/it]
362it [23:43,  4.11s/it]
363it [23:47,  4.12s/it]
364it [23:52,  4.12s/it]
365it [23:56,  4.12s/it]
366it [24:00,  4.10s/it]
367it [24:04,  4.05s/it]
368it [24:08,  4.03s/it]
369it [24:11,  3.91s/it]
370it [24:15,  3.85s/it]
371it [24:19,  3.88s/it]
372it [24:23,  3.86s/it]
373it [24:27,  3.83s/it]
374it [24:30,  3.81s/it]
375it [24:34,  3.83s/it]
376it [24:38,  3.86s/it]
377it [24:42,  3.85s/it]
378it [24:45,  3.65s/it]
378it [24:45,  3.93s/it]

  0%|          | 0/48 [00:00<?, ?it/s]
  2%|▏         | 1/48 [00:03<03:00,  3.84s/it]
  4%|▍         | 2/48 [00:07<03:01,  3.95s/it]
  6%|▋         | 3/48 [00:11<02:56,  3.91s/it]
  8%|▊         | 4/48 [00:15<02:51,  3.90s/it]
 10%|█         | 5/48 [00:19<02:47,  3.89s/it]
 12%|█▎        | 6/48 [00:23<02:47,  3.99s/it]
 15%|█▍        | 7/48 [00:27<02:43,  3.99s/it]
 17%|█▋        | 8/48 [00:31<02:40,  4.00s/it]
 19%|█▉        | 9/48 [00:35<02:35,  3.98s/it]
 21%|██        | 10/48 [00:39<02:27,  3.88s/it]
 23%|██▎       | 11/48 [00:43<02:30,  4.07s/it]
 25%|██▌       | 12/48 [00:48<02:30,  4.19s/it]
 27%|██▋       | 13/48 [00:52<02:27,  4.22s/it]
 29%|██▉       | 14/48 [00:56<02:24,  4.26s/it]
 31%|███▏      | 15/48 [01:01<02:20,  4.26s/it]
 33%|███▎      | 16/48 [01:05<02:14,  4.21s/it]
 35%|███▌      | 17/48 [01:09<02:11,  4.23s/it]
 38%|███▊      | 18/48 [01:13<02:06,  4.22s/it]
 40%|███▉      | 19/48 [01:17<02:01,  4.21s/it]
 42%|████▏     | 20/48 [01:22<01:57,  4.19s/it]
 44%|████▍     | 21/48 [01:26<01:52,  4.18s/it]
 46%|████▌     | 22/48 [01:30<01:50,  4.26s/it]
 48%|████▊     | 23/48 [01:34<01:46,  4.25s/it]
 50%|█████     | 24/48 [01:39<01:41,  4.24s/it]
 52%|█████▏    | 25/48 [01:43<01:37,  4.23s/it]
 54%|█████▍    | 26/48 [01:47<01:32,  4.21s/it]
 56%|█████▋    | 27/48 [01:51<01:28,  4.23s/it]
 58%|█████▊    | 28/48 [01:56<01:26,  4.31s/it]
 60%|██████    | 29/48 [02:00<01:22,  4.36s/it]
 62%|██████▎   | 30/48 [02:05<01:18,  4.35s/it]
 65%|██████▍   | 31/48 [02:09<01:14,  4.37s/it]
 67%|██████▋   | 32/48 [02:13<01:10,  4.39s/it]
 69%|██████▉   | 33/48 [02:18<01:06,  4.41s/it]
 71%|███████   | 34/48 [02:22<01:01,  4.39s/it]
 73%|███████▎  | 35/48 [02:27<00:56,  4.38s/it]
 75%|███████▌  | 36/48 [02:31<00:52,  4.41s/it]
 77%|███████▋  | 37/48 [02:35<00:48,  4.44s/it]
 79%|███████▉  | 38/48 [02:40<00:44,  4.46s/it]
 81%|████████▏ | 39/48 [02:45<00:40,  4.47s/it]
 83%|████████▎ | 40/48 [02:49<00:35,  4.45s/it]
 85%|████████▌ | 41/48 [02:54<00:31,  4.51s/it]
 88%|████████▊ | 42/48 [02:58<00:26,  4.48s/it]
 90%|████████▉ | 43/48 [03:02<00:22,  4.47s/it]
 92%|█████████▏| 44/48 [03:07<00:17,  4.42s/it]
 94%|█████████▍| 45/48 [03:11<00:13,  4.42s/it]
 96%|█████████▌| 46/48 [03:15<00:08,  4.39s/it]
 98%|█████████▊| 47/48 [03:20<00:04,  4.34s/it]
100%|██████████| 48/48 [03:21<00:00,  3.34s/it]
100%|██████████| 48/48 [03:21<00:00,  4.19s/it]
Epoch: 14/20, Val_Acc: 82.60006615944427

0it [00:00, ?it/s]
1it [00:04,  4.19s/it]
2it [00:08,  4.32s/it]
3it [00:12,  4.26s/it]
4it [00:17,  4.28s/it]
5it [00:21,  4.29s/it]
6it [00:25,  4.34s/it]
7it [00:30,  4.40s/it]
8it [00:34,  4.38s/it]
9it [00:39,  4.41s/it]
10it [00:43,  4.39s/it]
11it [00:47,  4.41s/it]
12it [00:52,  4.46s/it]
13it [00:57,  4.49s/it]
14it [01:01,  4.49s/it]
15it [01:06,  4.49s/it]
16it [01:10,  4.48s/it]
17it [01:15,  4.47s/it]
18it [01:19,  4.46s/it]
19it [01:23,  4.41s/it]
20it [01:28,  4.41s/it]
21it [01:32,  4.47s/it]
22it [01:37,  4.45s/it]
23it [01:41,  4.44s/it]
24it [01:46,  4.45s/it]
25it [01:50,  4.43s/it]
26it [01:54,  4.46s/it]
27it [01:59,  4.42s/it]
28it [02:03,  4.41s/it]
29it [02:08,  4.42s/it]
30it [02:12,  4.45s/it]
31it [02:17,  4.51s/it]
32it [02:22,  4.57s/it]
33it [02:26,  4.52s/it]
34it [02:30,  4.46s/it]
35it [02:35,  4.44s/it]
36it [02:39,  4.42s/it]
37it [02:43,  4.33s/it]
38it [02:47,  4.29s/it]
39it [02:52,  4.29s/it]
40it [02:56,  4.26s/it]
41it [03:00,  4.26s/it]
42it [03:04,  4.25s/it]
43it [03:08,  4.21s/it]
44it [03:13,  4.21s/it]
45it [03:17,  4.24s/it]
46it [03:21,  4.23s/it]
47it [03:25,  4.23s/it]
48it [03:29,  4.20s/it]
49it [03:34,  4.23s/it]
50it [03:38,  4.23s/it]
51it [03:42,  4.22s/it]
52it [03:46,  4.20s/it]
53it [03:51,  4.19s/it]
54it [03:55,  4.19s/it]
55it [03:59,  4.18s/it]
56it [04:03,  4.15s/it]
57it [04:07,  4.16s/it]
58it [04:11,  4.15s/it]
59it [04:15,  4.14s/it]
60it [04:19,  4.13s/it]
61it [04:24,  4.18s/it]
62it [04:28,  4.16s/it]
63it [04:32,  4.14s/it]
64it [04:36,  4.13s/it]
65it [04:40,  4.14s/it]
66it [04:44,  4.14s/it]
67it [04:48,  4.13s/it]
68it [04:53,  4.15s/it]
69it [04:57,  4.16s/it]
70it [05:01,  4.15s/it]
71it [05:05,  4.14s/it]
72it [05:09,  4.11s/it]
73it [05:13,  4.11s/it]
74it [05:17,  4.14s/it]
75it [05:22,  4.18s/it]
76it [05:26,  4.19s/it]
77it [05:30,  4.24s/it]
78it [05:34,  4.22s/it]
79it [05:39,  4.25s/it]
80it [05:43,  4.28s/it]
81it [05:47,  4.27s/it]
82it [05:51,  4.21s/it]
83it [05:56,  4.15s/it]
84it [06:00,  4.13s/it]
85it [06:04,  4.17s/it]
86it [06:08,  4.13s/it]
87it [06:12,  4.13s/it]
88it [06:16,  4.12s/it]
89it [06:20,  4.11s/it]
90it [06:24,  4.13s/it]
91it [06:28,  4.12s/it]
92it [06:33,  4.09s/it]
93it [06:37,  4.10s/it]
94it [06:41,  4.12s/it]
95it [06:45,  4.13s/it]
96it [06:49,  4.06s/it]
97it [06:53,  4.05s/it]
98it [06:57,  3.99s/it]
99it [07:01,  3.94s/it]
100it [07:04,  3.91s/it]
101it [07:08,  3.86s/it]
102it [07:12,  3.90s/it]
103it [07:16,  3.93s/it]
104it [07:20,  3.93s/it]
105it [07:24,  3.93s/it]
106it [07:28,  3.92s/it]
107it [07:32,  3.96s/it]
108it [07:36,  3.95s/it]
109it [07:40,  3.96s/it]
110it [07:44,  3.92s/it]
111it [07:48,  3.93s/it]
112it [07:52,  3.95s/it]
113it [07:56,  3.94s/it]
114it [07:59,  3.93s/it]
115it [08:03,  3.94s/it]
116it [08:07,  3.92s/it]
117it [08:11,  3.90s/it]
118it [08:15,  3.91s/it]
119it [08:19,  3.88s/it]
120it [08:23,  3.90s/it]
121it [08:27,  3.95s/it]
122it [08:31,  3.91s/it]
123it [08:35,  3.96s/it]
124it [08:38,  3.76s/it]
125it [08:42,  3.82s/it]
126it [08:46,  3.83s/it]
127it [08:50,  3.83s/it]
128it [08:54,  3.90s/it]
129it [08:58,  3.94s/it]
130it [09:02,  3.95s/it]
131it [09:06,  3.96s/it]
132it [09:10,  3.94s/it]
133it [09:14,  3.95s/it]
134it [09:18,  3.95s/it]
135it [09:22,  3.97s/it]
136it [09:26,  4.00s/it]
137it [09:29,  3.94s/it]
138it [09:33,  3.95s/it]
139it [09:37,  3.94s/it]
140it [09:41,  3.90s/it]
141it [09:45,  3.90s/it]
142it [09:49,  3.89s/it]
143it [09:53,  3.92s/it]
144it [09:57,  3.89s/it]
145it [10:00,  3.82s/it]
146it [10:03,  3.56s/it]
147it [10:07,  3.53s/it]
148it [10:10,  3.54s/it]
149it [10:14,  3.60s/it]
150it [10:18,  3.62s/it]
151it [10:22,  3.68s/it]
152it [10:25,  3.69s/it]
153it [10:29,  3.75s/it]
154it [10:33,  3.79s/it]
155it [10:37,  3.83s/it]
156it [10:41,  3.83s/it]
157it [10:45,  3.87s/it]
158it [10:49,  3.87s/it]
159it [10:52,  3.68s/it]
160it [10:56,  3.73s/it]
161it [10:59,  3.66s/it]
162it [11:03,  3.73s/it]
163it [11:07,  3.77s/it]
164it [11:11,  3.82s/it]
165it [11:15,  3.83s/it]
166it [11:19,  3.85s/it]
167it [11:23,  3.90s/it]
168it [11:27,  3.91s/it]
169it [11:31,  3.92s/it]
170it [11:34,  3.91s/it]
171it [11:39,  3.96s/it]
172it [11:43,  4.03s/it]
173it [11:47,  4.04s/it]
174it [11:51,  4.02s/it]
175it [11:55,  4.06s/it]
176it [11:59,  4.06s/it]
177it [12:03,  4.09s/it]
178it [12:07,  4.04s/it]
179it [12:11,  4.02s/it]
180it [12:15,  3.94s/it]
181it [12:19,  3.94s/it]
182it [12:23,  3.96s/it]
183it [12:27,  3.95s/it]
184it [12:31,  3.96s/it]
185it [12:35,  3.98s/it]
186it [12:39,  3.96s/it]
187it [12:43,  3.96s/it]
188it [12:46,  3.95s/it]
189it [12:50,  3.94s/it]
190it [12:54,  3.94s/it]
191it [12:58,  3.98s/it]
192it [13:02,  3.95s/it]
193it [13:06,  3.95s/it]
194it [13:10,  3.94s/it]
195it [13:14,  3.98s/it]
196it [13:18,  3.96s/it]
197it [13:22,  3.93s/it]
198it [13:26,  3.95s/it]
199it [13:30,  3.98s/it]
200it [13:34,  4.00s/it]
201it [13:38,  3.98s/it]
202it [13:42,  3.94s/it]
203it [13:46,  3.95s/it]
204it [13:50,  3.99s/it]
205it [13:54,  4.02s/it]
206it [13:58,  4.01s/it]
207it [14:02,  4.03s/it]
208it [14:06,  4.04s/it]
209it [14:10,  3.99s/it]
210it [14:14,  4.00s/it]
211it [14:18,  4.00s/it]
212it [14:22,  4.00s/it]
213it [14:26,  3.99s/it]
214it [14:30,  3.96s/it]
215it [14:34,  3.98s/it]
216it [14:38,  4.01s/it]
217it [14:42,  4.00s/it]
218it [14:46,  4.02s/it]
219it [14:50,  4.00s/it]
220it [14:54,  3.98s/it]
221it [14:58,  4.00s/it]
222it [15:02,  4.06s/it]
223it [15:06,  4.11s/it]
224it [15:10,  4.10s/it]
225it [15:15,  4.13s/it]
226it [15:19,  4.10s/it]
227it [15:23,  4.05s/it]
228it [15:27,  4.05s/it]
229it [15:31,  4.06s/it]
230it [15:35,  4.12s/it]
231it [15:39,  4.07s/it]
232it [15:43,  4.11s/it]
233it [15:47,  4.14s/it]
234it [15:52,  4.19s/it]
235it [15:56,  4.17s/it]
236it [16:00,  4.14s/it]
237it [16:04,  4.12s/it]
238it [16:08,  4.09s/it]
239it [16:12,  4.06s/it]
240it [16:16,  4.05s/it]
241it [16:20,  4.06s/it]
242it [16:24,  4.07s/it]
243it [16:28,  4.09s/it]
244it [16:33,  4.12s/it]
245it [16:37,  4.13s/it]
246it [16:41,  4.13s/it]
247it [16:45,  4.15s/it]
248it [16:49,  4.13s/it]
249it [16:53,  4.15s/it]
250it [16:57,  4.16s/it]
251it [17:01,  4.04s/it]
252it [17:05,  4.06s/it]
253it [17:09,  4.03s/it]
254it [17:13,  4.07s/it]
255it [17:18,  4.08s/it]
256it [17:22,  4.11s/it]
257it [17:26,  4.08s/it]
258it [17:29,  3.95s/it]
259it [17:33,  3.97s/it]
260it [17:37,  3.91s/it]
261it [17:41,  3.96s/it]
262it [17:45,  3.88s/it]
263it [17:49,  3.96s/it]
264it [17:53,  3.98s/it]
265it [17:57,  3.99s/it]
266it [18:01,  4.04s/it]
267it [18:06,  4.13s/it]
268it [18:10,  4.13s/it]
269it [18:14,  4.15s/it]
270it [18:18,  4.15s/it]
271it [18:22,  4.17s/it]
272it [18:27,  4.19s/it]
273it [18:31,  4.23s/it]
274it [18:35,  4.20s/it]
275it [18:39,  4.21s/it]
276it [18:44,  4.22s/it]
277it [18:48,  4.20s/it]
278it [18:52,  4.19s/it]
279it [18:56,  4.21s/it]
280it [19:00,  4.24s/it]
281it [19:05,  4.25s/it]
282it [19:09,  4.21s/it]
283it [19:13,  4.14s/it]
284it [19:17,  4.10s/it]
285it [19:21,  4.11s/it]
286it [19:25,  4.09s/it]
287it [19:29,  4.12s/it]
288it [19:33,  4.10s/it]
289it [19:37,  4.09s/it]
290it [19:41,  4.08s/it]
291it [19:46,  4.16s/it]
292it [19:50,  4.20s/it]
293it [19:54,  4.19s/it]
294it [19:58,  4.17s/it]
295it [20:02,  4.19s/it]
296it [20:07,  4.17s/it]
297it [20:11,  4.16s/it]
298it [20:15,  4.14s/it]
299it [20:19,  4.15s/it]
300it [20:23,  4.16s/it]
301it [20:27,  4.12s/it]
302it [20:31,  4.12s/it]
303it [20:36,  4.13s/it]
304it [20:40,  4.12s/it]
305it [20:44,  4.12s/it]
306it [20:48,  4.06s/it]
307it [20:52,  4.08s/it]
308it [20:56,  4.10s/it]
309it [21:00,  4.17s/it]
310it [21:04,  4.14s/it]
311it [21:08,  4.10s/it]
312it [21:12,  4.04s/it]
313it [21:16,  4.03s/it]
314it [21:20,  4.02s/it]
315it [21:24,  4.03s/it]
316it [21:28,  4.01s/it]
317it [21:32,  3.99s/it]
318it [21:36,  3.98s/it]
319it [21:40,  4.01s/it]
320it [21:44,  4.05s/it]
321it [21:48,  4.08s/it]
322it [21:53,  4.10s/it]
323it [21:57,  4.13s/it]
324it [22:01,  4.15s/it]
325it [22:05,  4.17s/it]
326it [22:09,  4.16s/it]
327it [22:14,  4.16s/it]
328it [22:18,  4.16s/it]
329it [22:22,  4.20s/it]
330it [22:26,  4.16s/it]
331it [22:30,  4.16s/it]
332it [22:34,  4.13s/it]
333it [22:39,  4.15s/it]
334it [22:43,  4.18s/it]
335it [22:47,  4.16s/it]
336it [22:51,  4.09s/it]
337it [22:55,  4.14s/it]
338it [22:59,  4.16s/it]
339it [23:04,  4.19s/it]
340it [23:08,  4.13s/it]
341it [23:12,  4.12s/it]
342it [23:16,  4.12s/it]
343it [23:20,  4.15s/it]
344it [23:24,  4.12s/it]
345it [23:28,  4.10s/it]
346it [23:32,  4.08s/it]
347it [23:36,  4.06s/it]
348it [23:40,  4.05s/it]
349it [23:44,  4.09s/it]
350it [23:48,  4.08s/it]
351it [23:53,  4.14s/it]
352it [23:57,  4.12s/it]
353it [24:01,  4.10s/it]
354it [24:05,  4.13s/it]
355it [24:09,  4.07s/it]
356it [24:13,  4.04s/it]
357it [24:17,  4.04s/it]
358it [24:21,  4.07s/it]
359it [24:25,  4.05s/it]
360it [24:29,  4.08s/it]
361it [24:33,  4.11s/it]
362it [24:37,  4.10s/it]
363it [24:42,  4.08s/it]
364it [24:46,  4.10s/it]
365it [24:50,  4.15s/it]
366it [24:54,  4.13s/it]
367it [24:58,  4.09s/it]
368it [25:02,  4.09s/it]
369it [25:06,  4.10s/it]
370it [25:10,  4.10s/it]
371it [25:14,  4.10s/it]
372it [25:18,  4.09s/it]
373it [25:23,  4.07s/it]
374it [25:27,  4.07s/it]
375it [25:31,  4.08s/it]
376it [25:35,  4.06s/it]
377it [25:39,  4.05s/it]
378it [25:42,  3.84s/it]
378it [25:42,  4.08s/it]

  0%|          | 0/48 [00:00<?, ?it/s]
  2%|▏         | 1/48 [00:04<03:11,  4.08s/it]
  4%|▍         | 2/48 [00:08<03:08,  4.09s/it]
  6%|▋         | 3/48 [00:12<03:04,  4.09s/it]
  8%|▊         | 4/48 [00:16<03:00,  4.10s/it]
 10%|█         | 5/48 [00:20<02:57,  4.14s/it]
 12%|█▎        | 6/48 [00:24<02:46,  3.97s/it]
 15%|█▍        | 7/48 [00:28<02:43,  3.98s/it]
 17%|█▋        | 8/48 [00:32<02:37,  3.95s/it]
 19%|█▉        | 9/48 [00:36<02:34,  3.95s/it]
 21%|██        | 10/48 [00:40<02:32,  4.00s/it]
 23%|██▎       | 11/48 [00:44<02:28,  4.01s/it]
 25%|██▌       | 12/48 [00:48<02:23,  3.98s/it]
 27%|██▋       | 13/48 [00:52<02:21,  4.04s/it]
 29%|██▉       | 14/48 [00:56<02:20,  4.13s/it]
 31%|███▏      | 15/48 [01:00<02:16,  4.14s/it]
 33%|███▎      | 16/48 [01:04<02:11,  4.10s/it]
 35%|███▌      | 17/48 [01:09<02:08,  4.14s/it]
 38%|███▊      | 18/48 [01:13<02:04,  4.15s/it]
 40%|███▉      | 19/48 [01:17<01:59,  4.11s/it]
 42%|████▏     | 20/48 [01:21<01:53,  4.07s/it]
 44%|████▍     | 21/48 [01:25<01:49,  4.04s/it]
 46%|████▌     | 22/48 [01:29<01:46,  4.08s/it]
 48%|████▊     | 23/48 [01:33<01:42,  4.12s/it]
 50%|█████     | 24/48 [01:37<01:39,  4.15s/it]
 52%|█████▏    | 25/48 [01:41<01:34,  4.09s/it]
 54%|█████▍    | 26/48 [01:45<01:30,  4.12s/it]
 56%|█████▋    | 27/48 [01:50<01:26,  4.14s/it]
 58%|█████▊    | 28/48 [01:54<01:23,  4.15s/it]
 60%|██████    | 29/48 [01:58<01:18,  4.15s/it]
 62%|██████▎   | 30/48 [02:02<01:14,  4.14s/it]
 65%|██████▍   | 31/48 [02:06<01:10,  4.18s/it]
 67%|██████▋   | 32/48 [02:11<01:07,  4.22s/it]
 69%|██████▉   | 33/48 [02:15<01:03,  4.21s/it]
 71%|███████   | 34/48 [02:19<00:58,  4.16s/it]
 73%|███████▎  | 35/48 [02:23<00:54,  4.18s/it]
 75%|███████▌  | 36/48 [02:27<00:49,  4.14s/it]
 77%|███████▋  | 37/48 [02:31<00:45,  4.17s/it]
 79%|███████▉  | 38/48 [02:36<00:41,  4.19s/it]
 81%|████████▏ | 39/48 [02:40<00:37,  4.20s/it]
 83%|████████▎ | 40/48 [02:44<00:33,  4.16s/it]
 85%|████████▌ | 41/48 [02:48<00:29,  4.16s/it]
 88%|████████▊ | 42/48 [02:52<00:25,  4.18s/it]
 90%|████████▉ | 43/48 [02:57<00:21,  4.20s/it]
 92%|█████████▏| 44/48 [03:01<00:16,  4.22s/it]
 94%|█████████▍| 45/48 [03:05<00:12,  4.24s/it]
 96%|█████████▌| 46/48 [03:09<00:08,  4.26s/it]
 98%|█████████▊| 47/48 [03:13<00:04,  4.18s/it]
100%|██████████| 48/48 [03:14<00:00,  3.22s/it]
100%|██████████| 48/48 [03:14<00:00,  4.06s/it]
Epoch: 15/20, Val_Acc: 82.50082699305325

0it [00:00, ?it/s]
1it [00:03,  3.88s/it]
2it [00:08,  4.03s/it]
3it [00:12,  4.11s/it]
4it [00:16,  4.12s/it]
5it [00:20,  4.11s/it]
6it [00:24,  4.05s/it]
7it [00:28,  4.04s/it]
8it [00:32,  4.02s/it]
9it [00:36,  4.09s/it]
10it [00:40,  4.07s/it]
11it [00:44,  4.07s/it]
12it [00:48,  4.08s/it]
13it [00:52,  4.06s/it]
14it [00:56,  4.06s/it]
15it [01:01,  4.08s/it]
16it [01:05,  4.11s/it]
17it [01:09,  4.11s/it]
18it [01:13,  4.09s/it]
19it [01:17,  4.10s/it]
20it [01:21,  4.14s/it]
21it [01:25,  4.15s/it]
22it [01:30,  4.16s/it]
23it [01:34,  4.17s/it]
24it [01:38,  4.18s/it]
25it [01:42,  4.17s/it]
26it [01:46,  4.18s/it]
27it [01:51,  4.22s/it]
28it [01:55,  4.20s/it]
29it [01:59,  4.16s/it]
30it [02:03,  4.16s/it]
31it [02:07,  4.18s/it]
32it [02:11,  4.15s/it]
33it [02:15,  4.14s/it]
34it [02:20,  4.13s/it]
35it [02:24,  4.14s/it]
36it [02:28,  4.14s/it]
37it [02:32,  4.16s/it]
38it [02:36,  4.20s/it]
39it [02:41,  4.24s/it]
40it [02:45,  4.26s/it]
41it [02:49,  4.26s/it]
42it [02:53,  4.22s/it]
43it [02:57,  4.18s/it]
44it [03:02,  4.21s/it]
45it [03:05,  3.95s/it]
46it [03:09,  4.02s/it]
47it [03:13,  4.03s/it]
48it [03:17,  4.05s/it]
49it [03:21,  4.06s/it]
50it [03:26,  4.08s/it]
51it [03:30,  4.14s/it]
52it [03:34,  4.09s/it]
53it [03:38,  4.06s/it]
54it [03:42,  4.00s/it]
55it [03:46,  3.98s/it]
56it [03:50,  4.01s/it]
57it [03:54,  4.00s/it]
58it [03:58,  4.07s/it]
59it [04:02,  4.08s/it]
60it [04:06,  4.12s/it]
61it [04:10,  4.11s/it]
62it [04:15,  4.16s/it]
63it [04:19,  4.17s/it]
64it [04:23,  4.15s/it]
65it [04:27,  4.16s/it]
66it [04:31,  4.20s/it]
67it [04:36,  4.19s/it]
68it [04:40,  4.14s/it]
69it [04:44,  4.17s/it]
70it [04:48,  4.15s/it]
71it [04:52,  4.17s/it]
72it [04:56,  4.20s/it]
73it [05:01,  4.21s/it]
74it [05:05,  4.19s/it]
75it [05:09,  4.19s/it]
76it [05:13,  4.17s/it]
77it [05:17,  4.20s/it]
78it [05:22,  4.20s/it]
79it [05:26,  4.17s/it]
80it [05:30,  4.11s/it]
81it [05:34,  4.15s/it]
82it [05:38,  4.11s/it]
83it [05:42,  4.15s/it]
84it [05:46,  4.19s/it]
85it [05:51,  4.20s/it]
86it [05:55,  4.22s/it]
87it [05:59,  4.26s/it]
88it [06:04,  4.29s/it]
89it [06:08,  4.30s/it]
90it [06:12,  4.29s/it]
91it [06:17,  4.30s/it]
92it [06:21,  4.29s/it]
93it [06:25,  4.31s/it]
94it [06:29,  4.31s/it]
95it [06:34,  4.31s/it]
96it [06:38,  4.29s/it]
97it [06:42,  4.24s/it]
98it [06:46,  4.22s/it]
99it [06:50,  4.20s/it]
100it [06:55,  4.19s/it]
101it [06:59,  4.20s/it]
102it [07:03,  4.21s/it]
103it [07:07,  4.22s/it]
104it [07:11,  4.18s/it]
105it [07:16,  4.24s/it]
106it [07:20,  4.24s/it]
107it [07:24,  4.23s/it]
108it [07:28,  4.21s/it]
109it [07:33,  4.23s/it]
110it [07:37,  4.24s/it]
111it [07:41,  4.24s/it]
112it [07:45,  4.24s/it]
113it [07:50,  4.24s/it]
114it [07:54,  4.23s/it]
115it [07:58,  4.25s/it]
116it [08:02,  4.26s/it]
117it [08:07,  4.24s/it]
118it [08:11,  4.26s/it]
119it [08:15,  4.24s/it]
120it [08:19,  4.23s/it]
121it [08:24,  4.20s/it]
122it [08:28,  4.14s/it]
123it [08:32,  4.15s/it]
124it [08:36,  4.19s/it]
125it [08:40,  4.19s/it]
126it [08:44,  4.23s/it]
127it [08:49,  4.21s/it]
128it [08:53,  4.15s/it]
129it [08:57,  4.15s/it]
130it [09:01,  4.13s/it]
131it [09:05,  4.11s/it]
132it [09:09,  4.19s/it]
133it [09:14,  4.24s/it]
134it [09:18,  4.29s/it]
135it [09:22,  4.27s/it]
136it [09:27,  4.25s/it]
137it [09:31,  4.25s/it]
138it [09:35,  4.20s/it]
139it [09:39,  4.17s/it]
140it [09:43,  4.18s/it]
141it [09:47,  4.20s/it]
142it [09:52,  4.24s/it]
143it [09:56,  4.25s/it]
144it [10:00,  4.23s/it]
145it [10:04,  4.21s/it]
146it [10:09,  4.21s/it]
147it [10:13,  4.18s/it]
148it [10:16,  3.95s/it]
149it [10:20,  3.95s/it]
150it [10:24,  3.93s/it]
151it [10:28,  3.93s/it]
152it [10:32,  3.97s/it]
153it [10:36,  4.00s/it]
154it [10:40,  4.00s/it]
155it [10:44,  4.03s/it]
156it [10:48,  4.01s/it]
157it [10:52,  3.98s/it]
158it [10:56,  4.00s/it]
159it [11:00,  3.99s/it]
160it [11:04,  4.00s/it]
161it [11:08,  4.00s/it]
162it [11:12,  3.97s/it]
163it [11:16,  3.97s/it]
164it [11:20,  3.98s/it]
165it [11:24,  3.99s/it]
166it [11:28,  3.98s/it]
167it [11:32,  3.99s/it]
168it [11:36,  3.95s/it]
169it [11:39,  3.75s/it]
170it [11:43,  3.73s/it]
171it [11:47,  3.78s/it]
172it [11:50,  3.79s/it]
173it [11:54,  3.77s/it]
174it [11:58,  3.77s/it]
175it [12:02,  3.82s/it]
176it [12:06,  3.86s/it]
177it [12:10,  3.87s/it]
178it [12:13,  3.86s/it]
179it [12:17,  3.88s/it]
180it [12:21,  3.84s/it]
181it [12:25,  3.76s/it]
182it [12:29,  3.79s/it]
183it [12:33,  3.83s/it]
184it [12:36,  3.84s/it]
185it [12:40,  3.91s/it]
186it [12:44,  3.89s/it]
187it [12:48,  3.84s/it]
188it [12:52,  3.85s/it]
189it [12:56,  3.88s/it]
190it [13:00,  3.90s/it]
191it [13:04,  3.89s/it]
192it [13:08,  3.94s/it]
193it [13:12,  3.98s/it]
194it [13:16,  3.99s/it]
195it [13:20,  4.00s/it]
196it [13:24,  4.01s/it]
197it [13:28,  4.05s/it]
198it [13:32,  4.08s/it]
199it [13:36,  4.11s/it]
200it [13:40,  4.05s/it]
201it [13:44,  4.03s/it]
202it [13:48,  4.03s/it]
203it [13:53,  4.11s/it]
204it [13:57,  4.10s/it]
205it [14:01,  4.07s/it]
206it [14:05,  4.09s/it]
207it [14:09,  4.11s/it]
208it [14:13,  4.12s/it]
209it [14:17,  4.14s/it]
210it [14:21,  4.14s/it]
211it [14:26,  4.13s/it]
212it [14:30,  4.10s/it]
213it [14:34,  4.13s/it]
214it [14:38,  4.14s/it]
215it [14:42,  4.14s/it]
216it [14:46,  4.17s/it]
217it [14:50,  4.18s/it]
218it [14:54,  4.11s/it]
219it [14:59,  4.10s/it]
220it [15:03,  4.11s/it]
221it [15:07,  4.08s/it]
222it [15:11,  4.06s/it]
223it [15:15,  4.11s/it]
224it [15:19,  4.09s/it]
225it [15:23,  4.03s/it]
226it [15:27,  4.06s/it]
227it [15:31,  4.10s/it]
228it [15:35,  4.11s/it]
229it [15:39,  4.10s/it]
230it [15:44,  4.12s/it]
231it [15:48,  4.15s/it]
232it [15:52,  4.13s/it]
233it [15:56,  4.10s/it]
234it [16:00,  4.10s/it]
235it [16:04,  4.11s/it]
236it [16:08,  4.12s/it]
237it [16:12,  4.15s/it]
238it [16:17,  4.16s/it]
239it [16:21,  4.17s/it]
240it [16:25,  4.20s/it]
241it [16:29,  4.17s/it]
242it [16:33,  4.15s/it]
243it [16:37,  4.10s/it]
244it [16:41,  4.09s/it]
245it [16:46,  4.13s/it]
246it [16:50,  4.11s/it]
247it [16:54,  4.08s/it]
248it [16:58,  4.04s/it]
249it [17:02,  4.04s/it]
250it [17:06,  4.03s/it]
251it [17:10,  4.03s/it]
252it [17:14,  4.03s/it]
253it [17:18,  4.10s/it]
254it [17:22,  4.10s/it]
255it [17:26,  4.08s/it]
256it [17:30,  4.07s/it]
257it [17:34,  4.08s/it]
258it [17:38,  4.06s/it]
259it [17:42,  4.04s/it]
260it [17:46,  4.10s/it]
261it [17:51,  4.12s/it]
262it [17:55,  4.12s/it]
263it [17:59,  4.12s/it]
264it [18:03,  4.11s/it]
265it [18:07,  4.10s/it]
266it [18:11,  4.14s/it]
267it [18:15,  4.12s/it]
268it [18:19,  4.08s/it]
269it [18:23,  4.07s/it]
270it [18:27,  4.06s/it]
271it [18:31,  4.03s/it]
272it [18:36,  4.06s/it]
273it [18:40,  4.05s/it]
274it [18:44,  4.04s/it]
275it [18:47,  4.00s/it]
276it [18:51,  3.98s/it]
277it [18:55,  4.00s/it]
278it [18:59,  4.00s/it]
279it [19:04,  4.03s/it]
280it [19:08,  4.05s/it]
281it [19:12,  4.06s/it]
282it [19:16,  4.07s/it]
283it [19:20,  4.08s/it]
284it [19:24,  4.04s/it]
285it [19:28,  4.07s/it]
286it [19:32,  4.09s/it]
287it [19:36,  4.14s/it]
288it [19:41,  4.15s/it]
289it [19:45,  4.15s/it]
290it [19:49,  4.09s/it]
291it [19:53,  4.10s/it]
292it [19:57,  4.09s/it]
293it [20:01,  4.10s/it]
294it [20:05,  4.14s/it]
295it [20:09,  4.15s/it]
296it [20:14,  4.16s/it]
297it [20:18,  4.16s/it]
298it [20:22,  4.16s/it]
299it [20:26,  4.18s/it]
300it [20:30,  4.18s/it]
301it [20:34,  4.12s/it]
302it [20:38,  4.09s/it]
303it [20:42,  4.10s/it]
304it [20:47,  4.10s/it]
305it [20:51,  4.10s/it]
306it [20:55,  4.14s/it]
307it [20:59,  4.15s/it]
308it [21:03,  4.11s/it]
309it [21:07,  4.06s/it]
310it [21:11,  4.06s/it]
311it [21:15,  4.08s/it]
312it [21:19,  4.07s/it]
313it [21:23,  4.02s/it]
314it [21:27,  4.04s/it]
315it [21:31,  4.06s/it]
316it [21:35,  4.09s/it]
317it [21:40,  4.09s/it]
318it [21:44,  4.10s/it]
319it [21:48,  4.06s/it]
320it [21:52,  4.05s/it]
321it [21:56,  4.01s/it]
322it [22:00,  3.98s/it]
323it [22:04,  3.99s/it]
324it [22:08,  4.07s/it]
325it [22:12,  4.11s/it]
326it [22:16,  4.15s/it]
327it [22:20,  4.17s/it]
328it [22:25,  4.15s/it]
329it [22:29,  4.17s/it]
330it [22:33,  4.15s/it]
331it [22:37,  4.16s/it]
332it [22:41,  4.10s/it]
333it [22:45,  4.04s/it]
334it [22:49,  4.05s/it]
335it [22:53,  4.03s/it]
336it [22:57,  4.06s/it]
337it [23:01,  4.09s/it]
338it [23:06,  4.16s/it]
339it [23:10,  4.13s/it]
340it [23:14,  4.06s/it]
341it [23:18,  4.03s/it]
342it [23:22,  4.06s/it]
343it [23:26,  4.06s/it]
344it [23:30,  4.02s/it]
345it [23:34,  4.01s/it]
346it [23:38,  4.04s/it]
347it [23:42,  4.02s/it]
348it [23:46,  4.05s/it]
349it [23:50,  4.07s/it]
350it [23:54,  3.94s/it]
351it [23:57,  3.91s/it]
352it [24:01,  3.94s/it]
353it [24:06,  3.99s/it]
354it [24:10,  4.01s/it]
355it [24:14,  4.08s/it]
356it [24:18,  4.08s/it]
357it [24:22,  4.07s/it]
358it [24:26,  4.10s/it]
359it [24:30,  4.05s/it]
360it [24:34,  4.05s/it]
361it [24:38,  4.06s/it]
362it [24:42,  4.06s/it]
363it [24:46,  4.05s/it]
364it [24:50,  4.03s/it]
365it [24:54,  4.04s/it]
366it [24:58,  4.01s/it]
367it [25:02,  3.97s/it]
368it [25:06,  3.94s/it]
369it [25:10,  3.96s/it]
370it [25:14,  3.99s/it]
371it [25:18,  4.03s/it]
372it [25:22,  4.04s/it]
373it [25:26,  4.02s/it]
374it [25:30,  4.02s/it]
375it [25:34,  4.02s/it]
376it [25:38,  3.99s/it]
377it [25:42,  4.02s/it]
378it [25:45,  3.77s/it]
378it [25:45,  4.09s/it]

  0%|          | 0/48 [00:00<?, ?it/s]
  2%|▏         | 1/48 [00:03<02:48,  3.59s/it]
  4%|▍         | 2/48 [00:07<02:52,  3.75s/it]
  6%|▋         | 3/48 [00:11<02:47,  3.73s/it]
  8%|▊         | 4/48 [00:15<02:48,  3.83s/it]
 10%|█         | 5/48 [00:19<02:48,  3.92s/it]
 12%|█▎        | 6/48 [00:23<02:44,  3.91s/it]
 15%|█▍        | 7/48 [00:27<02:40,  3.92s/it]
 17%|█▋        | 8/48 [00:31<02:37,  3.94s/it]
 19%|█▉        | 9/48 [00:34<02:33,  3.94s/it]
 21%|██        | 10/48 [00:39<02:31,  3.98s/it]
 23%|██▎       | 11/48 [00:42<02:26,  3.95s/it]
 25%|██▌       | 12/48 [00:46<02:23,  3.98s/it]
 27%|██▋       | 13/48 [00:50<02:18,  3.94s/it]
 29%|██▉       | 14/48 [00:54<02:13,  3.94s/it]
 31%|███▏      | 15/48 [00:58<02:09,  3.93s/it]
 33%|███▎      | 16/48 [01:02<02:05,  3.91s/it]
 35%|███▌      | 17/48 [01:06<02:00,  3.88s/it]
 38%|███▊      | 18/48 [01:10<01:57,  3.91s/it]
 40%|███▉      | 19/48 [01:14<01:53,  3.90s/it]
 42%|████▏     | 20/48 [01:18<01:50,  3.93s/it]
 44%|████▍     | 21/48 [01:22<01:46,  3.95s/it]
 46%|████▌     | 22/48 [01:26<01:43,  3.98s/it]
 48%|████▊     | 23/48 [01:30<01:39,  3.99s/it]
 50%|█████     | 24/48 [01:34<01:35,  3.97s/it]
 52%|█████▏    | 25/48 [01:38<01:31,  3.98s/it]
 54%|█████▍    | 26/48 [01:42<01:27,  3.97s/it]
 56%|█████▋    | 27/48 [01:46<01:23,  3.95s/it]
 58%|█████▊    | 28/48 [01:49<01:19,  3.95s/it]
 60%|██████    | 29/48 [01:53<01:14,  3.92s/it]
 62%|██████▎   | 30/48 [01:57<01:10,  3.90s/it]
 65%|██████▍   | 31/48 [02:01<01:06,  3.90s/it]
 67%|██████▋   | 32/48 [02:05<01:02,  3.91s/it]
 69%|██████▉   | 33/48 [02:08<00:55,  3.73s/it]
 71%|███████   | 34/48 [02:12<00:53,  3.79s/it]
 73%|███████▎  | 35/48 [02:16<00:49,  3.80s/it]
 75%|███████▌  | 36/48 [02:20<00:46,  3.88s/it]
 77%|███████▋  | 37/48 [02:24<00:42,  3.86s/it]
 79%|███████▉  | 38/48 [02:28<00:38,  3.86s/it]
 81%|████████▏ | 39/48 [02:32<00:35,  3.90s/it]
 83%|████████▎ | 40/48 [02:36<00:30,  3.85s/it]
 85%|████████▌ | 41/48 [02:39<00:27,  3.86s/it]
 88%|████████▊ | 42/48 [02:43<00:23,  3.89s/it]
 90%|████████▉ | 43/48 [02:47<00:19,  3.93s/it]
 92%|█████████▏| 44/48 [02:51<00:15,  3.91s/it]
 94%|█████████▍| 45/48 [02:55<00:11,  3.92s/it]
 96%|█████████▌| 46/48 [02:59<00:07,  3.88s/it]
 98%|█████████▊| 47/48 [03:03<00:03,  3.93s/it]
100%|██████████| 48/48 [03:04<00:00,  3.04s/it]
100%|██████████| 48/48 [03:04<00:00,  3.84s/it]
Epoch: 16/20, Val_Acc: 82.46774727092293

0it [00:00, ?it/s]
1it [00:03,  3.83s/it]
2it [00:07,  3.86s/it]
3it [00:11,  3.94s/it]
4it [00:15,  3.97s/it]
5it [00:19,  3.95s/it]
6it [00:23,  3.86s/it]
7it [00:27,  3.87s/it]
8it [00:31,  3.90s/it]
9it [00:35,  3.95s/it]
10it [00:39,  3.92s/it]
11it [00:43,  3.94s/it]
12it [00:47,  3.93s/it]
13it [00:51,  4.01s/it]
14it [00:55,  3.98s/it]
15it [00:59,  4.01s/it]
16it [01:03,  4.04s/it]
17it [01:07,  4.02s/it]
18it [01:11,  4.02s/it]
19it [01:15,  4.04s/it]
20it [01:19,  4.06s/it]
21it [01:23,  4.03s/it]
22it [01:27,  4.03s/it]
23it [01:31,  4.04s/it]
24it [01:35,  4.05s/it]
25it [01:39,  4.02s/it]
26it [01:43,  3.98s/it]
27it [01:47,  4.01s/it]
28it [01:51,  3.99s/it]
29it [01:55,  3.92s/it]
30it [01:59,  3.93s/it]
31it [02:03,  3.91s/it]
32it [02:06,  3.92s/it]
33it [02:10,  3.93s/it]
34it [02:14,  3.91s/it]
35it [02:18,  3.90s/it]
36it [02:22,  3.87s/it]
37it [02:26,  3.90s/it]
38it [02:30,  3.92s/it]
39it [02:34,  3.95s/it]
40it [02:38,  3.97s/it]
41it [02:42,  3.98s/it]
42it [02:46,  3.95s/it]
43it [02:50,  4.01s/it]
44it [02:54,  4.01s/it]
45it [02:58,  4.01s/it]
46it [03:02,  3.96s/it]
47it [03:06,  4.01s/it]
48it [03:10,  4.01s/it]
49it [03:14,  3.97s/it]
50it [03:18,  3.99s/it]
51it [03:22,  4.02s/it]
52it [03:26,  4.06s/it]
53it [03:30,  4.07s/it]
54it [03:34,  4.07s/it]
55it [03:38,  4.09s/it]
56it [03:43,  4.09s/it]
57it [03:47,  4.07s/it]
58it [03:51,  4.03s/it]
59it [03:55,  4.05s/it]
60it [03:59,  4.01s/it]
61it [04:03,  4.01s/it]
62it [04:06,  3.98s/it]
63it [04:11,  4.00s/it]
64it [04:15,  4.00s/it]
65it [04:19,  4.00s/it]
66it [04:23,  4.02s/it]
67it [04:27,  4.04s/it]
68it [04:31,  4.03s/it]
69it [04:35,  4.01s/it]
70it [04:39,  3.99s/it]
71it [04:43,  4.01s/it]
72it [04:47,  4.03s/it]
73it [04:51,  4.06s/it]
74it [04:55,  4.06s/it]
75it [04:59,  4.08s/it]
76it [05:03,  4.08s/it]
77it [05:07,  4.04s/it]
78it [05:11,  3.98s/it]
79it [05:15,  3.99s/it]
80it [05:19,  3.98s/it]
81it [05:23,  3.92s/it]
82it [05:26,  3.90s/it]
83it [05:30,  3.90s/it]
84it [05:34,  3.88s/it]
85it [05:38,  3.88s/it]
86it [05:42,  3.82s/it]
87it [05:46,  3.84s/it]
88it [05:50,  3.87s/it]
89it [05:54,  3.89s/it]
90it [05:57,  3.85s/it]
91it [06:01,  3.88s/it]
92it [06:05,  3.89s/it]
93it [06:09,  3.92s/it]
94it [06:13,  3.93s/it]
95it [06:17,  3.92s/it]
96it [06:21,  3.81s/it]
97it [06:24,  3.78s/it]
98it [06:28,  3.77s/it]
99it [06:32,  3.77s/it]
100it [06:36,  3.77s/it]
101it [06:39,  3.81s/it]
102it [06:43,  3.82s/it]
103it [06:47,  3.82s/it]
104it [06:51,  3.77s/it]
105it [06:54,  3.75s/it]
106it [06:58,  3.73s/it]
107it [07:02,  3.69s/it]
108it [07:05,  3.70s/it]
109it [07:09,  3.77s/it]
110it [07:13,  3.84s/it]
111it [07:17,  3.87s/it]
112it [07:21,  3.88s/it]
113it [07:25,  3.88s/it]
114it [07:29,  3.90s/it]
115it [07:33,  3.87s/it]
116it [07:37,  3.82s/it]
117it [07:40,  3.84s/it]
118it [07:44,  3.84s/it]
119it [07:48,  3.87s/it]
120it [07:52,  3.88s/it]
121it [07:56,  3.92s/it]
122it [08:00,  3.89s/it]
123it [08:04,  3.89s/it]
124it [08:08,  3.84s/it]
125it [08:11,  3.82s/it]
126it [08:15,  3.81s/it]
127it [08:19,  3.79s/it]
128it [08:23,  3.79s/it]
129it [08:27,  3.83s/it]
130it [08:30,  3.81s/it]
131it [08:34,  3.86s/it]
132it [08:38,  3.86s/it]
133it [08:42,  3.90s/it]
134it [08:46,  3.87s/it]
135it [08:50,  3.89s/it]
136it [08:54,  3.88s/it]
137it [08:58,  3.92s/it]
138it [09:01,  3.84s/it]
139it [09:05,  3.83s/it]
140it [09:09,  3.71s/it]
141it [09:13,  3.77s/it]
142it [09:16,  3.79s/it]
143it [09:20,  3.83s/it]
144it [09:24,  3.85s/it]
145it [09:28,  3.87s/it]
146it [09:32,  3.90s/it]
147it [09:36,  3.92s/it]
148it [09:40,  3.96s/it]
149it [09:44,  3.99s/it]
150it [09:48,  4.00s/it]
151it [09:52,  3.94s/it]
152it [09:56,  3.93s/it]
153it [10:00,  3.94s/it]
154it [10:04,  3.91s/it]
155it [10:08,  3.92s/it]
156it [10:12,  3.93s/it]
157it [10:16,  3.94s/it]
158it [10:20,  3.94s/it]
159it [10:24,  3.95s/it]
160it [10:28,  3.97s/it]
161it [10:31,  3.95s/it]
162it [10:35,  3.94s/it]
163it [10:39,  3.95s/it]
164it [10:43,  3.91s/it]
165it [10:47,  3.94s/it]
166it [10:51,  3.93s/it]
167it [10:55,  3.95s/it]
168it [10:59,  3.94s/it]
169it [11:03,  3.95s/it]
170it [11:07,  3.96s/it]
171it [11:11,  3.97s/it]
172it [11:15,  3.93s/it]
173it [11:19,  3.95s/it]
174it [11:23,  3.90s/it]
175it [11:26,  3.91s/it]
176it [11:30,  3.93s/it]
177it [11:34,  3.92s/it]
178it [11:38,  3.90s/it]
179it [11:42,  3.88s/it]
180it [11:46,  3.88s/it]
181it [11:50,  3.89s/it]
182it [11:54,  3.88s/it]
183it [11:58,  3.87s/it]
184it [12:01,  3.86s/it]
185it [12:05,  3.88s/it]
186it [12:09,  3.91s/it]
187it [12:13,  3.94s/it]
188it [12:17,  3.96s/it]
189it [12:21,  3.96s/it]
190it [12:25,  3.94s/it]
191it [12:29,  3.93s/it]
192it [12:33,  3.94s/it]
193it [12:37,  3.92s/it]
194it [12:41,  3.92s/it]
195it [12:45,  3.93s/it]
196it [12:49,  3.91s/it]
197it [12:53,  3.94s/it]
198it [12:57,  3.97s/it]
199it [13:01,  4.00s/it]
200it [13:05,  3.96s/it]
201it [13:09,  3.96s/it]
202it [13:12,  3.93s/it]
203it [13:16,  3.89s/it]
204it [13:20,  3.85s/it]
205it [13:24,  3.89s/it]
206it [13:28,  3.89s/it]
207it [13:32,  3.85s/it]
208it [13:36,  3.90s/it]
209it [13:40,  3.91s/it]
210it [13:44,  3.92s/it]
211it [13:47,  3.94s/it]
212it [13:51,  3.95s/it]
213it [13:56,  4.01s/it]
214it [13:59,  3.91s/it]
215it [14:03,  3.91s/it]
216it [14:07,  3.96s/it]
217it [14:11,  3.97s/it]
218it [14:15,  3.95s/it]
219it [14:19,  3.94s/it]
220it [14:23,  3.96s/it]
221it [14:27,  3.99s/it]
222it [14:31,  3.97s/it]
223it [14:35,  4.02s/it]
224it [14:39,  3.97s/it]
225it [14:43,  3.96s/it]
226it [14:47,  3.93s/it]
227it [14:51,  3.92s/it]
228it [14:55,  3.96s/it]
229it [14:59,  3.97s/it]
230it [15:03,  3.97s/it]
231it [15:07,  3.97s/it]
232it [15:11,  3.94s/it]
233it [15:15,  3.96s/it]
234it [15:18,  3.92s/it]
235it [15:22,  3.89s/it]
236it [15:26,  3.89s/it]
237it [15:30,  3.88s/it]
238it [15:34,  3.86s/it]
239it [15:38,  3.89s/it]
240it [15:42,  3.87s/it]
241it [15:46,  3.88s/it]
242it [15:50,  3.95s/it]
243it [15:53,  3.91s/it]
244it [15:57,  3.92s/it]
245it [16:01,  3.90s/it]
246it [16:05,  3.91s/it]
247it [16:09,  3.90s/it]
248it [16:13,  3.90s/it]
249it [16:17,  3.91s/it]
250it [16:21,  3.87s/it]
251it [16:24,  3.85s/it]
252it [16:28,  3.86s/it]
253it [16:32,  3.84s/it]
254it [16:36,  3.88s/it]
255it [16:40,  3.87s/it]
256it [16:44,  3.88s/it]
257it [16:48,  3.90s/it]
258it [16:52,  3.91s/it]
259it [16:55,  3.81s/it]
260it [16:59,  3.83s/it]
261it [17:03,  3.84s/it]
262it [17:07,  3.88s/it]
263it [17:11,  3.91s/it]
264it [17:15,  3.93s/it]
265it [17:19,  3.97s/it]
266it [17:23,  3.96s/it]
267it [17:27,  4.00s/it]
268it [17:31,  3.94s/it]
269it [17:35,  3.94s/it]
270it [17:39,  3.91s/it]
271it [17:43,  3.93s/it]
272it [17:46,  3.89s/it]
273it [17:50,  3.87s/it]
274it [17:54,  3.90s/it]
275it [17:58,  3.92s/it]
276it [18:02,  3.95s/it]
277it [18:06,  3.91s/it]
278it [18:10,  3.94s/it]
279it [18:14,  3.99s/it]
280it [18:18,  4.00s/it]
281it [18:22,  3.96s/it]
282it [18:26,  3.96s/it]
283it [18:30,  3.98s/it]
284it [18:34,  3.99s/it]
285it [18:38,  3.97s/it]
286it [18:42,  3.93s/it]
287it [18:46,  3.92s/it]
288it [18:50,  3.95s/it]
289it [18:54,  3.95s/it]
290it [18:58,  3.98s/it]
291it [19:02,  4.02s/it]
292it [19:06,  4.04s/it]
293it [19:10,  4.04s/it]
294it [19:14,  4.02s/it]
295it [19:18,  4.03s/it]
296it [19:22,  4.02s/it]
297it [19:26,  4.02s/it]
298it [19:30,  4.00s/it]
299it [19:34,  3.99s/it]
300it [19:38,  3.98s/it]
301it [19:42,  3.94s/it]
302it [19:46,  3.91s/it]
303it [19:49,  3.88s/it]
304it [19:53,  3.88s/it]
305it [19:57,  3.87s/it]
306it [20:01,  3.87s/it]
307it [20:05,  3.83s/it]
308it [20:09,  3.84s/it]
309it [20:12,  3.84s/it]
310it [20:16,  3.89s/it]
311it [20:20,  3.90s/it]
312it [20:24,  3.93s/it]
313it [20:28,  3.92s/it]
314it [20:32,  3.91s/it]
315it [20:36,  3.96s/it]
316it [20:40,  3.88s/it]
317it [20:44,  3.88s/it]
318it [20:48,  3.92s/it]
319it [20:52,  3.88s/it]
320it [20:55,  3.88s/it]
321it [20:59,  3.90s/it]
322it [21:03,  3.92s/it]
323it [21:07,  3.97s/it]
324it [21:11,  3.93s/it]
325it [21:15,  3.90s/it]
326it [21:19,  3.88s/it]
327it [21:23,  3.86s/it]
328it [21:27,  3.90s/it]
329it [21:31,  3.91s/it]
330it [21:35,  3.91s/it]
331it [21:39,  3.91s/it]
332it [21:42,  3.90s/it]
333it [21:46,  3.91s/it]
334it [21:50,  3.91s/it]
335it [21:54,  3.90s/it]
336it [21:58,  3.90s/it]
337it [22:02,  3.89s/it]
338it [22:06,  3.92s/it]
339it [22:10,  3.95s/it]
340it [22:14,  3.97s/it]
341it [22:18,  3.99s/it]
342it [22:22,  3.92s/it]
343it [22:26,  3.91s/it]
344it [22:29,  3.87s/it]
345it [22:33,  3.89s/it]
346it [22:37,  3.88s/it]
347it [22:41,  3.83s/it]
348it [22:45,  3.83s/it]
349it [22:49,  3.85s/it]
350it [22:52,  3.81s/it]
351it [22:56,  3.79s/it]
352it [23:00,  3.79s/it]
353it [23:04,  3.78s/it]
354it [23:07,  3.77s/it]
355it [23:11,  3.78s/it]
356it [23:15,  3.74s/it]
357it [23:19,  3.79s/it]
358it [23:22,  3.79s/it]
359it [23:26,  3.84s/it]
360it [23:30,  3.84s/it]
361it [23:34,  3.83s/it]
362it [23:38,  3.85s/it]
363it [23:42,  3.84s/it]
364it [23:46,  3.86s/it]
365it [23:50,  3.89s/it]
366it [23:54,  3.94s/it]
367it [23:58,  3.98s/it]
368it [24:02,  3.98s/it]
369it [24:06,  4.01s/it]
370it [24:10,  3.99s/it]
371it [24:14,  4.00s/it]
372it [24:18,  3.98s/it]
373it [24:22,  3.97s/it]
374it [24:26,  3.95s/it]
375it [24:30,  4.00s/it]
376it [24:34,  4.00s/it]
377it [24:38,  4.02s/it]
378it [24:41,  3.78s/it]
378it [24:41,  3.92s/it]

  0%|          | 0/48 [00:00<?, ?it/s]
  2%|▏         | 1/48 [00:04<03:10,  4.05s/it]
  4%|▍         | 2/48 [00:08<03:09,  4.12s/it]
  6%|▋         | 3/48 [00:12<03:03,  4.07s/it]
  8%|▊         | 4/48 [00:16<02:58,  4.06s/it]
 10%|█         | 5/48 [00:20<02:52,  4.00s/it]
 12%|█▎        | 6/48 [00:24<02:48,  4.01s/it]
 15%|█▍        | 7/48 [00:28<02:45,  4.04s/it]
 17%|█▋        | 8/48 [00:32<02:41,  4.04s/it]
 19%|█▉        | 9/48 [00:36<02:37,  4.04s/it]
 21%|██        | 10/48 [00:40<02:32,  4.01s/it]
 23%|██▎       | 11/48 [00:44<02:28,  4.00s/it]
 25%|██▌       | 12/48 [00:48<02:23,  3.99s/it]
 27%|██▋       | 13/48 [00:52<02:18,  3.96s/it]
 29%|██▉       | 14/48 [00:56<02:16,  4.02s/it]
 31%|███▏      | 15/48 [01:00<02:13,  4.03s/it]
 33%|███▎      | 16/48 [01:04<02:09,  4.06s/it]
 35%|███▌      | 17/48 [01:08<02:05,  4.06s/it]
 38%|███▊      | 18/48 [01:12<02:00,  4.03s/it]
 40%|███▉      | 19/48 [01:16<01:57,  4.06s/it]
 42%|████▏     | 20/48 [01:20<01:53,  4.05s/it]
 44%|████▍     | 21/48 [01:24<01:48,  4.03s/it]
 46%|████▌     | 22/48 [01:28<01:44,  4.03s/it]
 48%|████▊     | 23/48 [01:32<01:40,  4.03s/it]
 50%|█████     | 24/48 [01:36<01:35,  3.99s/it]
 52%|█████▏    | 25/48 [01:40<01:31,  3.99s/it]
 54%|█████▍    | 26/48 [01:44<01:28,  4.02s/it]
 56%|█████▋    | 27/48 [01:48<01:25,  4.05s/it]
 58%|█████▊    | 28/48 [01:52<01:21,  4.07s/it]
 60%|██████    | 29/48 [01:56<01:16,  4.04s/it]
 62%|██████▎   | 30/48 [02:00<01:12,  4.03s/it]
 65%|██████▍   | 31/48 [02:04<01:08,  4.04s/it]
 67%|██████▋   | 32/48 [02:09<01:04,  4.04s/it]
 69%|██████▉   | 33/48 [02:13<01:00,  4.04s/it]
 71%|███████   | 34/48 [02:16<00:56,  4.01s/it]
 73%|███████▎  | 35/48 [02:20<00:51,  3.99s/it]
 75%|███████▌  | 36/48 [02:25<00:48,  4.02s/it]
 77%|███████▋  | 37/48 [02:28<00:43,  3.99s/it]
 79%|███████▉  | 38/48 [02:33<00:40,  4.06s/it]
 81%|████████▏ | 39/48 [02:37<00:36,  4.07s/it]
 83%|████████▎ | 40/48 [02:41<00:32,  4.11s/it]
 85%|████████▌ | 41/48 [02:45<00:28,  4.10s/it]
 88%|████████▊ | 42/48 [02:49<00:24,  4.13s/it]
 90%|████████▉ | 43/48 [02:53<00:20,  4.12s/it]
 92%|█████████▏| 44/48 [02:57<00:16,  4.12s/it]
 94%|█████████▍| 45/48 [03:02<00:12,  4.15s/it]
 96%|█████████▌| 46/48 [03:06<00:08,  4.15s/it]
 98%|█████████▊| 47/48 [03:10<00:04,  4.15s/it]
100%|██████████| 48/48 [03:11<00:00,  3.20s/it]
100%|██████████| 48/48 [03:11<00:00,  3.99s/it]
Epoch: 17/20, Val_Acc: 82.60006615944427

0it [00:00, ?it/s]
1it [00:04,  4.07s/it]
2it [00:08,  4.07s/it]
3it [00:12,  4.03s/it]
4it [00:16,  4.00s/it]
5it [00:20,  4.01s/it]
6it [00:24,  3.99s/it]
7it [00:27,  3.97s/it]
8it [00:31,  3.95s/it]
9it [00:35,  3.98s/it]
10it [00:39,  3.96s/it]
11it [00:43,  3.97s/it]
12it [00:47,  3.95s/it]
13it [00:51,  3.95s/it]
14it [00:55,  3.98s/it]
15it [00:59,  3.95s/it]
16it [01:03,  3.97s/it]
17it [01:07,  3.99s/it]
18it [01:11,  3.94s/it]
19it [01:15,  3.99s/it]
20it [01:19,  3.95s/it]
21it [01:23,  3.96s/it]
22it [01:27,  3.94s/it]
23it [01:31,  3.97s/it]
24it [01:35,  3.99s/it]
25it [01:39,  3.96s/it]
26it [01:43,  3.97s/it]
27it [01:47,  4.00s/it]
28it [01:51,  3.98s/it]
29it [01:55,  3.98s/it]
30it [01:59,  3.98s/it]
31it [02:03,  4.05s/it]
32it [02:07,  4.05s/it]
33it [02:11,  4.03s/it]
34it [02:15,  4.01s/it]
35it [02:19,  4.01s/it]
36it [02:23,  4.03s/it]
37it [02:27,  4.07s/it]
38it [02:31,  4.03s/it]
39it [02:35,  3.98s/it]
40it [02:39,  3.95s/it]
41it [02:43,  4.00s/it]
42it [02:47,  4.03s/it]
43it [02:51,  4.04s/it]
44it [02:55,  4.10s/it]
45it [02:59,  4.04s/it]
46it [03:03,  4.04s/it]
47it [03:07,  4.05s/it]
48it [03:12,  4.09s/it]
49it [03:16,  4.12s/it]
50it [03:20,  4.10s/it]
51it [03:24,  4.09s/it]
52it [03:28,  4.11s/it]
53it [03:32,  4.07s/it]
54it [03:36,  4.03s/it]
55it [03:40,  4.06s/it]
56it [03:44,  4.07s/it]
57it [03:48,  4.04s/it]
58it [03:52,  4.04s/it]
59it [03:56,  4.05s/it]
60it [04:00,  4.01s/it]
61it [04:04,  4.00s/it]
62it [04:08,  4.00s/it]
63it [04:12,  4.04s/it]
64it [04:16,  4.01s/it]
65it [04:20,  4.03s/it]
66it [04:24,  4.02s/it]
67it [04:28,  4.05s/it]
68it [04:33,  4.09s/it]
69it [04:37,  4.12s/it]
70it [04:41,  4.14s/it]
71it [04:45,  4.12s/it]
72it [04:49,  4.08s/it]
73it [04:53,  4.09s/it]
74it [04:57,  4.06s/it]
75it [05:01,  4.08s/it]
76it [05:05,  4.11s/it]
77it [05:10,  4.12s/it]
78it [05:14,  4.06s/it]
79it [05:18,  4.08s/it]
80it [05:22,  4.14s/it]
81it [05:26,  4.16s/it]
82it [05:30,  4.13s/it]
83it [05:34,  4.15s/it]
84it [05:39,  4.15s/it]
85it [05:43,  4.10s/it]
86it [05:47,  4.08s/it]
87it [05:51,  4.09s/it]
88it [05:55,  4.08s/it]
89it [05:59,  4.14s/it]
90it [06:03,  4.13s/it]
91it [06:07,  4.12s/it]
92it [06:11,  4.10s/it]
93it [06:15,  4.11s/it]
94it [06:19,  4.07s/it]
95it [06:23,  4.04s/it]
96it [06:27,  4.02s/it]
97it [06:31,  4.05s/it]
98it [06:36,  4.09s/it]
99it [06:40,  4.15s/it]
100it [06:44,  4.15s/it]
101it [06:48,  4.12s/it]
102it [06:52,  4.14s/it]
103it [06:56,  4.05s/it]
104it [07:00,  4.08s/it]
105it [07:05,  4.13s/it]
106it [07:09,  4.18s/it]
107it [07:13,  4.21s/it]
108it [07:17,  4.21s/it]
109it [07:22,  4.21s/it]
110it [07:25,  4.12s/it]
111it [07:30,  4.12s/it]
112it [07:34,  4.08s/it]
113it [07:37,  4.02s/it]
114it [07:41,  3.97s/it]
115it [07:45,  4.02s/it]
116it [07:49,  4.02s/it]
117it [07:53,  3.97s/it]
118it [07:57,  3.93s/it]
119it [08:01,  3.96s/it]
120it [08:05,  4.00s/it]
121it [08:09,  4.03s/it]
122it [08:13,  4.04s/it]
123it [08:18,  4.12s/it]
124it [08:22,  4.13s/it]
125it [08:26,  4.18s/it]
126it [08:30,  4.13s/it]
127it [08:34,  4.12s/it]
128it [08:38,  4.14s/it]
129it [08:43,  4.14s/it]
130it [08:47,  4.15s/it]
131it [08:51,  4.18s/it]
132it [08:55,  4.06s/it]
133it [08:59,  4.05s/it]
134it [09:03,  4.01s/it]
135it [09:07,  3.98s/it]
136it [09:11,  3.98s/it]
137it [09:15,  4.01s/it]
138it [09:19,  4.05s/it]
139it [09:23,  4.04s/it]
140it [09:27,  3.95s/it]
141it [09:31,  3.94s/it]
142it [09:34,  3.93s/it]
143it [09:38,  3.96s/it]
144it [09:42,  3.93s/it]
145it [09:46,  3.88s/it]
146it [09:50,  3.84s/it]
147it [09:54,  3.86s/it]
148it [09:58,  3.86s/it]
149it [10:02,  3.88s/it]
150it [10:05,  3.89s/it]
151it [10:09,  3.91s/it]
152it [10:13,  3.90s/it]
153it [10:17,  3.90s/it]
154it [10:21,  3.91s/it]
155it [10:25,  3.88s/it]
156it [10:29,  3.88s/it]
157it [10:33,  3.92s/it]
158it [10:37,  3.90s/it]
159it [10:41,  3.94s/it]
160it [10:45,  3.93s/it]
161it [10:49,  3.95s/it]
162it [10:53,  3.94s/it]
163it [10:57,  3.96s/it]
164it [11:00,  3.94s/it]
165it [11:04,  3.95s/it]
166it [11:08,  3.96s/it]
167it [11:12,  4.00s/it]
168it [11:16,  3.96s/it]
169it [11:20,  3.95s/it]
170it [11:24,  3.95s/it]
171it [11:28,  3.91s/it]
172it [11:32,  3.90s/it]
173it [11:36,  3.94s/it]
174it [11:40,  3.94s/it]
175it [11:44,  3.96s/it]
176it [11:48,  3.97s/it]
177it [11:52,  4.01s/it]
178it [11:56,  4.00s/it]
179it [12:00,  4.00s/it]
180it [12:04,  3.96s/it]
181it [12:08,  3.92s/it]
182it [12:11,  3.88s/it]
183it [12:15,  3.92s/it]
184it [12:19,  3.94s/it]
185it [12:23,  3.89s/it]
186it [12:27,  3.90s/it]
187it [12:31,  3.93s/it]
188it [12:35,  3.93s/it]
189it [12:39,  3.94s/it]
190it [12:43,  3.94s/it]
191it [12:47,  3.97s/it]
192it [12:51,  3.96s/it]
193it [12:55,  3.95s/it]
194it [12:59,  3.86s/it]
195it [13:03,  3.92s/it]
196it [13:06,  3.90s/it]
197it [13:11,  3.94s/it]
198it [13:14,  3.95s/it]
199it [13:18,  3.93s/it]
200it [13:22,  3.95s/it]
201it [13:26,  3.97s/it]
202it [13:30,  3.97s/it]
203it [13:34,  3.96s/it]
204it [13:38,  3.93s/it]
205it [13:42,  3.86s/it]
206it [13:46,  3.88s/it]
207it [13:50,  3.89s/it]
208it [13:54,  3.89s/it]
209it [13:57,  3.89s/it]
210it [14:01,  3.88s/it]
211it [14:05,  3.90s/it]
212it [14:09,  3.80s/it]
213it [14:13,  3.86s/it]
214it [14:17,  3.91s/it]
215it [14:21,  3.96s/it]
216it [14:25,  3.98s/it]
217it [14:29,  3.97s/it]
218it [14:33,  3.87s/it]
219it [14:37,  3.90s/it]
220it [14:41,  3.94s/it]
221it [14:44,  3.94s/it]
222it [14:48,  3.90s/it]
223it [14:52,  3.90s/it]
224it [14:56,  3.88s/it]
225it [15:00,  3.84s/it]
226it [15:04,  3.83s/it]
227it [15:07,  3.81s/it]
228it [15:11,  3.82s/it]
229it [15:15,  3.88s/it]
230it [15:19,  3.90s/it]
231it [15:23,  3.92s/it]
232it [15:27,  3.96s/it]
233it [15:31,  4.00s/it]
234it [15:35,  4.03s/it]
235it [15:39,  4.05s/it]
236it [15:43,  4.04s/it]
237it [15:47,  4.01s/it]
238it [15:51,  4.00s/it]
239it [15:55,  3.98s/it]
240it [15:59,  3.96s/it]
241it [16:03,  3.95s/it]
242it [16:07,  3.95s/it]
243it [16:11,  3.89s/it]
244it [16:15,  3.88s/it]
245it [16:18,  3.84s/it]
246it [16:22,  3.84s/it]
247it [16:26,  3.91s/it]
248it [16:30,  3.90s/it]
249it [16:34,  3.95s/it]
250it [16:38,  3.92s/it]
251it [16:42,  3.97s/it]
252it [16:46,  3.95s/it]
253it [16:50,  3.97s/it]
254it [16:54,  3.94s/it]
255it [16:58,  3.95s/it]
256it [17:02,  3.94s/it]
257it [17:06,  3.94s/it]
258it [17:10,  3.90s/it]
259it [17:14,  3.91s/it]
260it [17:18,  3.93s/it]
261it [17:21,  3.89s/it]
262it [17:25,  3.90s/it]
263it [17:29,  3.92s/it]
264it [17:33,  3.90s/it]
265it [17:37,  3.87s/it]
266it [17:41,  3.86s/it]
267it [17:45,  3.89s/it]
268it [17:48,  3.84s/it]
269it [17:52,  3.85s/it]
270it [17:56,  3.85s/it]
271it [18:00,  3.86s/it]
272it [18:04,  3.90s/it]
273it [18:08,  3.90s/it]
274it [18:12,  3.90s/it]
275it [18:16,  3.94s/it]
276it [18:20,  3.92s/it]
277it [18:24,  3.93s/it]
278it [18:28,  3.92s/it]
279it [18:32,  3.96s/it]
280it [18:36,  3.93s/it]
281it [18:39,  3.91s/it]
282it [18:43,  3.89s/it]
283it [18:47,  3.86s/it]
284it [18:51,  3.88s/it]
285it [18:55,  3.88s/it]
286it [18:59,  3.85s/it]
287it [19:03,  3.92s/it]
288it [19:06,  3.87s/it]
289it [19:10,  3.91s/it]
290it [19:14,  3.94s/it]
291it [19:19,  3.98s/it]
292it [19:23,  4.07s/it]
293it [19:27,  4.03s/it]
294it [19:31,  4.00s/it]
295it [19:35,  3.99s/it]
296it [19:38,  3.94s/it]
297it [19:42,  3.93s/it]
298it [19:46,  3.91s/it]
299it [19:50,  3.96s/it]
300it [19:54,  3.96s/it]
301it [19:58,  3.94s/it]
302it [20:02,  3.93s/it]
303it [20:06,  3.93s/it]
304it [20:10,  3.91s/it]
305it [20:14,  3.92s/it]
306it [20:18,  3.86s/it]
307it [20:21,  3.85s/it]
308it [20:25,  3.82s/it]
309it [20:29,  3.84s/it]
310it [20:33,  3.88s/it]
311it [20:37,  3.93s/it]
312it [20:41,  3.96s/it]
313it [20:45,  3.99s/it]
314it [20:49,  4.01s/it]
315it [20:53,  4.05s/it]
316it [20:57,  3.98s/it]
317it [21:01,  3.96s/it]
318it [21:05,  3.94s/it]
319it [21:09,  3.94s/it]
320it [21:13,  3.94s/it]
321it [21:17,  3.92s/it]
322it [21:21,  3.94s/it]
323it [21:25,  3.94s/it]
324it [21:28,  3.92s/it]
325it [21:33,  3.96s/it]
326it [21:36,  3.94s/it]
327it [21:40,  3.98s/it]
328it [21:44,  3.97s/it]
329it [21:48,  3.96s/it]
330it [21:52,  3.91s/it]
331it [21:56,  3.91s/it]
332it [22:00,  3.89s/it]
333it [22:04,  3.90s/it]
334it [22:08,  3.94s/it]
335it [22:12,  3.94s/it]
336it [22:16,  3.94s/it]
337it [22:20,  3.98s/it]
338it [22:24,  4.05s/it]
339it [22:28,  4.08s/it]
340it [22:32,  4.04s/it]
341it [22:36,  3.96s/it]
342it [22:40,  3.92s/it]
343it [22:44,  3.95s/it]
344it [22:48,  3.95s/it]
345it [22:52,  3.96s/it]
346it [22:56,  3.99s/it]
347it [23:00,  3.94s/it]
348it [23:04,  3.94s/it]
349it [23:08,  3.97s/it]
350it [23:12,  4.00s/it]
351it [23:16,  4.04s/it]
352it [23:19,  3.95s/it]
353it [23:23,  3.94s/it]
354it [23:27,  3.90s/it]
355it [23:31,  3.81s/it]
356it [23:35,  3.82s/it]
357it [23:39,  3.84s/it]
358it [23:42,  3.87s/it]
359it [23:46,  3.88s/it]
360it [23:50,  3.91s/it]
361it [23:54,  3.92s/it]
362it [23:58,  3.89s/it]
363it [24:02,  3.89s/it]
364it [24:06,  3.94s/it]
365it [24:10,  3.94s/it]
366it [24:14,  3.92s/it]
367it [24:18,  3.92s/it]
368it [24:22,  3.92s/it]
369it [24:26,  3.91s/it]
370it [24:30,  3.92s/it]
371it [24:34,  3.94s/it]
372it [24:37,  3.93s/it]
373it [24:41,  3.93s/it]
374it [24:45,  3.94s/it]
375it [24:49,  3.94s/it]
376it [24:53,  3.98s/it]
377it [24:57,  4.01s/it]
378it [25:01,  3.82s/it]
378it [25:01,  3.97s/it]

  0%|          | 0/48 [00:00<?, ?it/s]
  2%|▏         | 1/48 [00:04<03:09,  4.02s/it]
  4%|▍         | 2/48 [00:08<03:05,  4.04s/it]
  6%|▋         | 3/48 [00:12<03:04,  4.11s/it]
  8%|▊         | 4/48 [00:16<03:03,  4.17s/it]
 10%|█         | 5/48 [00:20<03:01,  4.22s/it]
 12%|█▎        | 6/48 [00:24<02:56,  4.19s/it]
 15%|█▍        | 7/48 [00:29<02:51,  4.19s/it]
 17%|█▋        | 8/48 [00:33<02:49,  4.24s/it]
 19%|█▉        | 9/48 [00:37<02:45,  4.23s/it]
 21%|██        | 10/48 [00:42<02:41,  4.25s/it]
 23%|██▎       | 11/48 [00:46<02:36,  4.23s/it]
 25%|██▌       | 12/48 [00:50<02:31,  4.21s/it]
 27%|██▋       | 13/48 [00:54<02:26,  4.19s/it]
 29%|██▉       | 14/48 [00:58<02:23,  4.21s/it]
 31%|███▏      | 15/48 [01:03<02:20,  4.25s/it]
 33%|███▎      | 16/48 [01:07<02:16,  4.25s/it]
 35%|███▌      | 17/48 [01:11<02:12,  4.28s/it]
 38%|███▊      | 18/48 [01:16<02:09,  4.30s/it]
 40%|███▉      | 19/48 [01:20<02:05,  4.33s/it]
 42%|████▏     | 20/48 [01:24<02:01,  4.33s/it]
 44%|████▍     | 21/48 [01:28<01:55,  4.28s/it]
 46%|████▌     | 22/48 [01:33<01:51,  4.27s/it]
 48%|████▊     | 23/48 [01:37<01:45,  4.24s/it]
 50%|█████     | 24/48 [01:41<01:41,  4.21s/it]
 52%|█████▏    | 25/48 [01:45<01:36,  4.19s/it]
 54%|█████▍    | 26/48 [01:49<01:31,  4.16s/it]
 56%|█████▋    | 27/48 [01:53<01:27,  4.15s/it]
 58%|█████▊    | 28/48 [01:58<01:23,  4.17s/it]
 60%|██████    | 29/48 [02:02<01:19,  4.20s/it]
 62%|██████▎   | 30/48 [02:06<01:16,  4.24s/it]
 65%|██████▍   | 31/48 [02:10<01:12,  4.25s/it]
 67%|██████▋   | 32/48 [02:15<01:07,  4.25s/it]
 69%|██████▉   | 33/48 [02:19<01:03,  4.23s/it]
 71%|███████   | 34/48 [02:23<00:58,  4.21s/it]
 73%|███████▎  | 35/48 [02:27<00:53,  4.15s/it]
 75%|███████▌  | 36/48 [02:31<00:50,  4.21s/it]
 77%|███████▋  | 37/48 [02:36<00:46,  4.23s/it]
 79%|███████▉  | 38/48 [02:40<00:41,  4.20s/it]
 81%|████████▏ | 39/48 [02:44<00:37,  4.17s/it]
 83%|████████▎ | 40/48 [02:48<00:33,  4.16s/it]
 85%|████████▌ | 41/48 [02:52<00:29,  4.18s/it]
 88%|████████▊ | 42/48 [02:57<00:25,  4.21s/it]
 90%|████████▉ | 43/48 [03:01<00:21,  4.25s/it]
 92%|█████████▏| 44/48 [03:05<00:17,  4.28s/it]
 94%|█████████▍| 45/48 [03:10<00:12,  4.30s/it]
 96%|█████████▌| 46/48 [03:14<00:08,  4.30s/it]
 98%|█████████▊| 47/48 [03:18<00:04,  4.25s/it]
100%|██████████| 48/48 [03:19<00:00,  3.28s/it]
100%|██████████| 48/48 [03:19<00:00,  4.16s/it]
Epoch: 18/20, Val_Acc: 82.69930532583527

0it [00:00, ?it/s]
1it [00:04,  4.16s/it]
2it [00:08,  4.15s/it]
3it [00:12,  4.22s/it]
4it [00:16,  4.24s/it]
5it [00:21,  4.28s/it]
6it [00:25,  4.29s/it]
7it [00:29,  4.28s/it]
8it [00:33,  4.24s/it]
9it [00:38,  4.22s/it]
10it [00:42,  4.19s/it]
11it [00:46,  4.22s/it]
12it [00:50,  4.21s/it]
13it [00:54,  4.21s/it]
14it [00:59,  4.21s/it]
15it [01:03,  4.24s/it]
16it [01:07,  4.22s/it]
17it [01:11,  4.21s/it]
18it [01:15,  4.19s/it]
19it [01:20,  4.20s/it]
20it [01:24,  4.16s/it]
21it [01:28,  4.19s/it]
22it [01:32,  4.19s/it]
23it [01:36,  4.20s/it]
24it [01:41,  4.19s/it]
25it [01:45,  4.16s/it]
26it [01:49,  4.14s/it]
27it [01:53,  4.09s/it]
28it [01:57,  4.10s/it]
29it [02:01,  4.15s/it]
30it [02:05,  4.17s/it]
31it [02:10,  4.18s/it]
32it [02:14,  4.19s/it]
33it [02:18,  4.17s/it]
34it [02:22,  4.15s/it]
35it [02:26,  4.18s/it]
36it [02:30,  4.15s/it]
37it [02:35,  4.18s/it]
38it [02:39,  4.14s/it]
39it [02:43,  4.17s/it]
40it [02:47,  4.16s/it]
41it [02:51,  4.16s/it]
42it [02:55,  4.10s/it]
43it [02:59,  4.09s/it]
44it [03:03,  4.09s/it]
45it [03:07,  4.12s/it]
46it [03:11,  4.08s/it]
47it [03:16,  4.08s/it]
48it [03:20,  4.06s/it]
49it [03:24,  4.03s/it]
50it [03:28,  4.03s/it]
51it [03:32,  4.05s/it]
52it [03:36,  4.10s/it]
53it [03:40,  4.10s/it]
54it [03:44,  4.10s/it]
55it [03:48,  4.09s/it]
56it [03:52,  4.12s/it]
57it [03:56,  4.13s/it]
58it [04:01,  4.14s/it]
59it [04:05,  4.15s/it]
60it [04:09,  4.16s/it]
61it [04:13,  4.17s/it]
62it [04:17,  4.15s/it]
63it [04:21,  4.13s/it]
64it [04:25,  4.11s/it]
65it [04:30,  4.11s/it]
66it [04:34,  4.12s/it]
67it [04:38,  4.09s/it]
68it [04:42,  4.10s/it]
69it [04:46,  4.13s/it]
70it [04:50,  4.15s/it]
71it [04:54,  4.15s/it]
72it [04:58,  4.10s/it]
73it [05:02,  4.10s/it]
74it [05:07,  4.09s/it]
75it [05:11,  4.09s/it]
76it [05:15,  4.11s/it]
77it [05:19,  4.12s/it]
78it [05:23,  4.11s/it]
79it [05:27,  4.09s/it]
80it [05:31,  4.09s/it]
81it [05:35,  4.11s/it]
82it [05:39,  4.09s/it]
83it [05:44,  4.13s/it]
84it [05:47,  4.06s/it]
85it [05:52,  4.07s/it]
86it [05:56,  4.06s/it]
87it [06:00,  4.08s/it]
88it [06:04,  4.10s/it]
89it [06:08,  4.03s/it]
90it [06:12,  4.08s/it]
91it [06:16,  4.10s/it]
92it [06:20,  4.09s/it]
93it [06:24,  4.12s/it]
94it [06:28,  4.11s/it]
95it [06:32,  4.08s/it]
96it [06:36,  4.04s/it]
97it [06:40,  4.04s/it]
98it [06:44,  4.04s/it]
99it [06:49,  4.04s/it]
100it [06:53,  4.05s/it]
101it [06:57,  4.06s/it]
102it [07:01,  4.05s/it]
103it [07:05,  4.04s/it]
104it [07:08,  3.96s/it]
105it [07:12,  3.98s/it]
106it [07:16,  3.96s/it]
107it [07:20,  3.98s/it]
108it [07:24,  3.98s/it]
109it [07:29,  4.03s/it]
110it [07:33,  4.07s/it]
111it [07:37,  4.10s/it]
112it [07:41,  4.07s/it]
113it [07:45,  4.05s/it]
114it [07:49,  4.02s/it]
115it [07:53,  4.01s/it]
116it [07:57,  4.01s/it]
117it [08:01,  3.92s/it]
118it [08:04,  3.91s/it]
119it [08:09,  3.95s/it]
120it [08:13,  4.03s/it]
121it [08:17,  4.02s/it]
122it [08:21,  4.01s/it]
123it [08:25,  4.06s/it]
124it [08:29,  4.06s/it]
125it [08:33,  4.06s/it]
126it [08:37,  3.99s/it]
127it [08:41,  3.98s/it]
128it [08:45,  3.98s/it]
129it [08:49,  4.04s/it]
130it [08:53,  4.04s/it]
131it [08:57,  4.01s/it]
132it [09:01,  4.04s/it]
133it [09:05,  4.04s/it]
134it [09:09,  4.00s/it]
135it [09:13,  4.02s/it]
136it [09:17,  3.99s/it]
137it [09:21,  4.01s/it]
138it [09:25,  3.99s/it]
139it [09:29,  3.97s/it]
140it [09:33,  3.98s/it]
141it [09:37,  4.01s/it]
142it [09:41,  4.02s/it]
143it [09:45,  4.01s/it]
144it [09:49,  3.99s/it]
145it [09:53,  4.01s/it]
146it [09:57,  4.00s/it]
147it [10:01,  4.00s/it]
148it [10:05,  4.02s/it]
149it [10:09,  4.04s/it]
150it [10:13,  4.04s/it]
151it [10:17,  4.03s/it]
152it [10:21,  4.03s/it]
153it [10:25,  4.02s/it]
154it [10:29,  4.02s/it]
155it [10:33,  4.03s/it]
156it [10:37,  4.09s/it]
157it [10:42,  4.08s/it]
158it [10:46,  4.05s/it]
159it [10:50,  4.03s/it]
160it [10:53,  4.01s/it]
161it [10:58,  4.05s/it]
162it [11:02,  4.07s/it]
163it [11:06,  4.02s/it]
164it [11:10,  4.01s/it]
165it [11:14,  4.03s/it]
166it [11:18,  4.04s/it]
167it [11:22,  4.01s/it]
168it [11:26,  3.98s/it]
169it [11:30,  4.00s/it]
170it [11:34,  4.01s/it]
171it [11:38,  4.05s/it]
172it [11:42,  4.06s/it]
173it [11:46,  4.10s/it]
174it [11:50,  4.03s/it]
175it [11:54,  4.03s/it]
176it [11:58,  4.03s/it]
177it [12:02,  4.05s/it]
178it [12:06,  4.08s/it]
179it [12:10,  4.08s/it]
180it [12:15,  4.10s/it]
181it [12:19,  4.11s/it]
182it [12:23,  4.14s/it]
183it [12:27,  4.14s/it]
184it [12:31,  4.15s/it]
185it [12:35,  4.16s/it]
186it [12:39,  4.15s/it]
187it [12:44,  4.11s/it]
188it [12:48,  4.12s/it]
189it [12:52,  4.13s/it]
190it [12:56,  4.12s/it]
191it [13:00,  4.12s/it]
192it [13:04,  4.13s/it]
193it [13:08,  4.14s/it]
194it [13:12,  4.14s/it]
195it [13:16,  4.08s/it]
196it [13:21,  4.09s/it]
197it [13:25,  4.13s/it]
198it [13:29,  4.15s/it]
199it [13:33,  4.17s/it]
200it [13:37,  4.18s/it]
201it [13:42,  4.17s/it]
202it [13:46,  4.14s/it]
203it [13:50,  4.18s/it]
204it [13:54,  4.11s/it]
205it [13:58,  4.11s/it]
206it [14:02,  4.13s/it]
207it [14:06,  4.11s/it]
208it [14:10,  4.12s/it]
209it [14:14,  4.08s/it]
210it [14:18,  4.04s/it]
211it [14:22,  4.04s/it]
212it [14:26,  4.00s/it]
213it [14:30,  4.00s/it]
214it [14:34,  4.01s/it]
215it [14:38,  4.00s/it]
216it [14:42,  4.02s/it]
217it [14:46,  3.98s/it]
218it [14:50,  3.97s/it]
219it [14:54,  3.98s/it]
220it [14:58,  3.94s/it]
221it [15:02,  3.95s/it]
222it [15:06,  3.97s/it]
223it [15:10,  4.02s/it]
224it [15:14,  4.00s/it]
225it [15:18,  4.00s/it]
226it [15:22,  4.00s/it]
227it [15:26,  3.96s/it]
228it [15:30,  4.02s/it]
229it [15:34,  4.00s/it]
230it [15:38,  3.99s/it]
231it [15:42,  4.04s/it]
232it [15:46,  4.02s/it]
233it [15:50,  4.04s/it]
234it [15:54,  4.06s/it]
235it [15:58,  3.99s/it]
236it [16:02,  3.88s/it]
237it [16:06,  3.87s/it]
238it [16:09,  3.83s/it]
239it [16:13,  3.82s/it]
240it [16:17,  3.81s/it]
241it [16:21,  3.84s/it]
242it [16:25,  3.87s/it]
243it [16:29,  3.89s/it]
244it [16:33,  3.94s/it]
245it [16:37,  3.97s/it]
246it [16:41,  3.91s/it]
247it [16:45,  4.00s/it]
248it [16:49,  4.05s/it]
249it [16:53,  4.07s/it]
250it [16:57,  4.08s/it]
251it [17:01,  4.15s/it]
252it [17:06,  4.12s/it]
253it [17:10,  4.12s/it]
254it [17:14,  4.06s/it]
255it [17:18,  4.07s/it]
256it [17:22,  4.07s/it]
257it [17:26,  4.08s/it]
258it [17:30,  4.06s/it]
259it [17:34,  4.09s/it]
260it [17:38,  4.12s/it]
261it [17:42,  4.11s/it]
262it [17:46,  4.12s/it]
263it [17:50,  4.10s/it]
264it [17:55,  4.09s/it]
265it [17:59,  4.10s/it]
266it [18:03,  4.08s/it]
267it [18:07,  4.07s/it]
268it [18:11,  4.06s/it]
269it [18:15,  4.06s/it]
270it [18:19,  4.06s/it]
271it [18:23,  4.07s/it]
272it [18:27,  4.07s/it]
273it [18:31,  4.07s/it]
274it [18:35,  4.05s/it]
275it [18:39,  4.09s/it]
276it [18:43,  4.08s/it]
277it [18:47,  4.10s/it]
278it [18:52,  4.08s/it]
279it [18:56,  4.08s/it]
280it [19:00,  4.08s/it]
281it [19:04,  4.09s/it]
282it [19:08,  4.12s/it]
283it [19:12,  4.10s/it]
284it [19:16,  4.08s/it]
285it [19:20,  4.09s/it]
286it [19:24,  4.10s/it]
287it [19:28,  4.12s/it]
288it [19:33,  4.11s/it]
289it [19:37,  4.10s/it]
290it [19:41,  4.09s/it]
291it [19:45,  4.05s/it]
292it [19:49,  4.00s/it]
293it [19:53,  4.00s/it]
294it [19:57,  4.01s/it]
295it [20:01,  4.01s/it]
296it [20:05,  4.02s/it]
297it [20:09,  4.04s/it]
298it [20:13,  4.04s/it]
299it [20:17,  4.05s/it]
300it [20:21,  4.05s/it]
301it [20:25,  4.06s/it]
302it [20:29,  4.04s/it]
303it [20:33,  4.04s/it]
304it [20:37,  4.04s/it]
305it [20:41,  4.07s/it]
306it [20:45,  4.03s/it]
307it [20:49,  4.04s/it]
308it [20:53,  4.08s/it]
309it [20:58,  4.09s/it]
310it [21:02,  4.08s/it]
311it [21:06,  4.09s/it]
312it [21:10,  4.07s/it]
313it [21:14,  4.08s/it]
314it [21:18,  4.09s/it]
315it [21:22,  4.11s/it]
316it [21:26,  4.09s/it]
317it [21:30,  4.10s/it]
318it [21:34,  4.08s/it]
319it [21:38,  4.03s/it]
320it [21:42,  4.02s/it]
321it [21:46,  4.05s/it]
322it [21:50,  4.08s/it]
323it [21:55,  4.12s/it]
324it [21:59,  4.10s/it]
325it [22:03,  4.11s/it]
326it [22:07,  4.05s/it]
327it [22:11,  4.04s/it]
328it [22:15,  4.04s/it]
329it [22:19,  4.06s/it]
330it [22:23,  4.05s/it]
331it [22:27,  4.05s/it]
332it [22:31,  4.06s/it]
333it [22:35,  4.06s/it]
334it [22:39,  4.04s/it]
335it [22:43,  4.07s/it]
336it [22:47,  4.06s/it]
337it [22:52,  4.13s/it]
338it [22:56,  4.14s/it]
339it [23:00,  4.14s/it]
340it [23:04,  4.16s/it]
341it [23:08,  4.17s/it]
342it [23:12,  4.13s/it]
343it [23:16,  4.11s/it]
344it [23:21,  4.12s/it]
345it [23:25,  4.15s/it]
346it [23:29,  4.11s/it]
347it [23:33,  4.11s/it]
348it [23:37,  4.09s/it]
349it [23:41,  4.10s/it]
350it [23:45,  4.09s/it]
351it [23:49,  4.10s/it]
352it [23:54,  4.16s/it]
353it [23:58,  4.20s/it]
354it [24:02,  4.20s/it]
355it [24:06,  4.21s/it]
356it [24:11,  4.21s/it]
357it [24:15,  4.22s/it]
358it [24:19,  4.19s/it]
359it [24:23,  4.18s/it]
360it [24:27,  4.16s/it]
361it [24:31,  4.11s/it]
362it [24:35,  4.09s/it]
363it [24:39,  4.07s/it]
364it [24:43,  4.08s/it]
365it [24:48,  4.12s/it]
366it [24:52,  4.11s/it]
367it [24:56,  4.12s/it]
368it [25:00,  4.12s/it]
369it [25:04,  4.13s/it]
370it [25:08,  4.12s/it]
371it [25:12,  4.13s/it]
372it [25:16,  4.14s/it]
373it [25:21,  4.13s/it]
374it [25:25,  4.10s/it]
375it [25:29,  4.12s/it]
376it [25:33,  4.15s/it]
377it [25:37,  4.14s/it]
378it [25:41,  3.94s/it]
378it [25:41,  4.08s/it]

  0%|          | 0/48 [00:00<?, ?it/s]
  2%|▏         | 1/48 [00:04<03:18,  4.23s/it]
  4%|▍         | 2/48 [00:08<03:17,  4.30s/it]
  6%|▋         | 3/48 [00:12<03:11,  4.25s/it]
  8%|▊         | 4/48 [00:16<03:05,  4.22s/it]
 10%|█         | 5/48 [00:21<03:02,  4.25s/it]
 12%|█▎        | 6/48 [00:25<02:57,  4.23s/it]
 15%|█▍        | 7/48 [00:29<02:54,  4.24s/it]
 17%|█▋        | 8/48 [00:33<02:48,  4.22s/it]
 19%|█▉        | 9/48 [00:37<02:42,  4.18s/it]
 21%|██        | 10/48 [00:42<02:40,  4.22s/it]
 23%|██▎       | 11/48 [00:46<02:36,  4.22s/it]
 25%|██▌       | 12/48 [00:50<02:32,  4.23s/it]
 27%|██▋       | 13/48 [00:55<02:28,  4.25s/it]
 29%|██▉       | 14/48 [00:59<02:24,  4.24s/it]
 31%|███▏      | 15/48 [01:03<02:21,  4.28s/it]
 33%|███▎      | 16/48 [01:07<02:16,  4.28s/it]
 35%|███▌      | 17/48 [01:12<02:13,  4.30s/it]
 38%|███▊      | 18/48 [01:16<02:08,  4.30s/it]
 40%|███▉      | 19/48 [01:20<02:04,  4.30s/it]
 42%|████▏     | 20/48 [01:25<01:59,  4.28s/it]
 44%|████▍     | 21/48 [01:29<01:54,  4.24s/it]
 46%|████▌     | 22/48 [01:33<01:49,  4.20s/it]
 48%|████▊     | 23/48 [01:37<01:44,  4.20s/it]
 50%|█████     | 24/48 [01:41<01:40,  4.18s/it]
 52%|█████▏    | 25/48 [01:45<01:36,  4.18s/it]
 54%|█████▍    | 26/48 [01:50<01:31,  4.18s/it]
 56%|█████▋    | 27/48 [01:54<01:28,  4.21s/it]
 58%|█████▊    | 28/48 [01:58<01:24,  4.24s/it]
 60%|██████    | 29/48 [02:02<01:20,  4.24s/it]
 62%|██████▎   | 30/48 [02:07<01:16,  4.24s/it]
 65%|██████▍   | 31/48 [02:11<01:11,  4.22s/it]
 67%|██████▋   | 32/48 [02:15<01:07,  4.21s/it]
 69%|██████▉   | 33/48 [02:19<01:02,  4.18s/it]
 71%|███████   | 34/48 [02:23<00:58,  4.17s/it]
 73%|███████▎  | 35/48 [02:27<00:54,  4.17s/it]
 75%|███████▌  | 36/48 [02:31<00:49,  4.14s/it]
 77%|███████▋  | 37/48 [02:36<00:45,  4.17s/it]
 79%|███████▉  | 38/48 [02:40<00:42,  4.21s/it]
 81%|████████▏ | 39/48 [02:44<00:38,  4.23s/it]
 83%|████████▎ | 40/48 [02:49<00:34,  4.27s/it]
 85%|████████▌ | 41/48 [02:53<00:29,  4.25s/it]
 88%|████████▊ | 42/48 [02:57<00:25,  4.22s/it]
 90%|████████▉ | 43/48 [03:01<00:20,  4.18s/it]
 92%|█████████▏| 44/48 [03:05<00:16,  4.16s/it]
 94%|█████████▍| 45/48 [03:09<00:12,  4.14s/it]
 96%|█████████▌| 46/48 [03:13<00:08,  4.14s/it]
 98%|█████████▊| 47/48 [03:18<00:04,  4.14s/it]
100%|██████████| 48/48 [03:19<00:00,  3.19s/it]
100%|██████████| 48/48 [03:19<00:00,  4.15s/it]
Epoch: 19/20, Val_Acc: 82.33542838240159

0it [00:00, ?it/s]
1it [00:04,  4.11s/it]
2it [00:08,  4.04s/it]
3it [00:12,  4.02s/it]
4it [00:16,  4.06s/it]
5it [00:20,  4.11s/it]
6it [00:24,  4.14s/it]
7it [00:28,  4.17s/it]
8it [00:33,  4.17s/it]
9it [00:37,  4.17s/it]
10it [00:41,  4.17s/it]
11it [00:45,  4.17s/it]
12it [00:49,  4.19s/it]
13it [00:54,  4.23s/it]
14it [00:58,  4.24s/it]
15it [01:02,  4.24s/it]
16it [01:06,  4.23s/it]
17it [01:10,  4.21s/it]
18it [01:14,  4.15s/it]
19it [01:19,  4.14s/it]
20it [01:23,  4.16s/it]
21it [01:27,  4.16s/it]
22it [01:31,  4.14s/it]
23it [01:35,  4.19s/it]
24it [01:40,  4.19s/it]
25it [01:44,  4.20s/it]
26it [01:48,  4.21s/it]
27it [01:52,  4.20s/it]
28it [01:56,  4.19s/it]
29it [02:00,  4.17s/it]
30it [02:04,  4.13s/it]
31it [02:09,  4.16s/it]
32it [02:13,  4.16s/it]
33it [02:17,  4.20s/it]
34it [02:21,  4.16s/it]
35it [02:25,  4.14s/it]
36it [02:29,  4.13s/it]
37it [02:34,  4.15s/it]
38it [02:38,  4.15s/it]
39it [02:42,  4.14s/it]
40it [02:46,  4.16s/it]
41it [02:50,  4.16s/it]
42it [02:54,  4.13s/it]
43it [02:58,  4.14s/it]
44it [03:03,  4.14s/it]
45it [03:07,  4.14s/it]
46it [03:11,  4.16s/it]
47it [03:15,  4.17s/it]
48it [03:19,  4.18s/it]
49it [03:24,  4.21s/it]
50it [03:28,  4.18s/it]
51it [03:32,  4.19s/it]
52it [03:36,  4.17s/it]
53it [03:40,  4.16s/it]
54it [03:44,  4.11s/it]
55it [03:48,  4.13s/it]
56it [03:53,  4.12s/it]
57it [03:57,  4.17s/it]
58it [04:01,  4.17s/it]
59it [04:05,  4.23s/it]
60it [04:10,  4.29s/it]
61it [04:14,  4.31s/it]
62it [04:18,  4.28s/it]
63it [04:23,  4.26s/it]
64it [04:27,  4.24s/it]
65it [04:31,  4.24s/it]
66it [04:35,  4.19s/it]
67it [04:39,  4.19s/it]
68it [04:43,  4.18s/it]
69it [04:48,  4.21s/it]
70it [04:52,  4.23s/it]
71it [04:56,  4.25s/it]
72it [05:00,  4.23s/it]
73it [05:05,  4.26s/it]
74it [05:09,  4.26s/it]
75it [05:13,  4.28s/it]
76it [05:18,  4.25s/it]
77it [05:22,  4.23s/it]
78it [05:26,  4.25s/it]
79it [05:30,  4.25s/it]
80it [05:35,  4.27s/it]
81it [05:39,  4.30s/it]
82it [05:43,  4.26s/it]
83it [05:47,  4.26s/it]
84it [05:52,  4.32s/it]
85it [05:56,  4.32s/it]
86it [06:00,  4.33s/it]
87it [06:05,  4.31s/it]
88it [06:09,  4.27s/it]
89it [06:13,  4.26s/it]
90it [06:17,  4.21s/it]
91it [06:21,  4.19s/it]
92it [06:26,  4.17s/it]
93it [06:30,  4.17s/it]
94it [06:34,  4.19s/it]
95it [06:38,  4.18s/it]
96it [06:42,  4.13s/it]
97it [06:46,  4.13s/it]
98it [06:50,  4.12s/it]
99it [06:54,  4.10s/it]
100it [06:58,  4.07s/it]
101it [07:02,  4.07s/it]
102it [07:07,  4.07s/it]
103it [07:11,  4.08s/it]
104it [07:15,  4.11s/it]
105it [07:19,  4.15s/it]
106it [07:23,  4.17s/it]
107it [07:27,  4.17s/it]
108it [07:31,  4.13s/it]
109it [07:36,  4.14s/it]
110it [07:40,  4.08s/it]
111it [07:44,  4.12s/it]
112it [07:48,  4.14s/it]
113it [07:52,  4.19s/it]
114it [07:56,  4.18s/it]
115it [08:01,  4.19s/it]
116it [08:05,  4.21s/it]
117it [08:09,  4.21s/it]
118it [08:13,  4.20s/it]
119it [08:18,  4.22s/it]
120it [08:22,  4.22s/it]
121it [08:26,  4.22s/it]
122it [08:30,  4.22s/it]
123it [08:34,  4.19s/it]
124it [08:38,  4.16s/it]
125it [08:43,  4.15s/it]
126it [08:47,  4.13s/it]
127it [08:51,  4.12s/it]
128it [08:55,  4.15s/it]
129it [08:59,  4.13s/it]
130it [09:03,  4.19s/it]
131it [09:08,  4.17s/it]
132it [09:12,  4.16s/it]
133it [09:16,  4.21s/it]
134it [09:20,  4.23s/it]
135it [09:25,  4.27s/it]
136it [09:29,  4.24s/it]
137it [09:33,  4.28s/it]
138it [09:38,  4.31s/it]
139it [09:42,  4.30s/it]
140it [09:46,  4.24s/it]
141it [09:50,  4.23s/it]
142it [09:54,  4.23s/it]
143it [09:58,  4.21s/it]
144it [10:03,  4.23s/it]
145it [10:07,  4.22s/it]
146it [10:11,  4.18s/it]
147it [10:15,  4.15s/it]
148it [10:19,  4.17s/it]
149it [10:24,  4.19s/it]
150it [10:28,  4.25s/it]
151it [10:32,  4.28s/it]
152it [10:37,  4.29s/it]
153it [10:41,  4.32s/it]
154it [10:45,  4.31s/it]
155it [10:50,  4.33s/it]
156it [10:54,  4.32s/it]
157it [10:58,  4.34s/it]
158it [11:03,  4.32s/it]
159it [11:07,  4.32s/it]
160it [11:11,  4.32s/it]
161it [11:16,  4.37s/it]
162it [11:20,  4.40s/it]
163it [11:25,  4.63s/it]
164it [11:30,  4.58s/it]
165it [11:34,  4.51s/it]
166it [11:39,  4.46s/it]
167it [11:43,  4.43s/it]
168it [11:47,  4.39s/it]
169it [11:52,  4.38s/it]
170it [11:57,  4.58s/it]
171it [12:01,  4.50s/it]
172it [12:05,  4.38s/it]
173it [12:09,  4.27s/it]
174it [12:13,  4.22s/it]
175it [12:17,  4.22s/it]
176it [12:22,  4.20s/it]
177it [12:26,  4.21s/it]
178it [12:30,  4.20s/it]
179it [12:34,  4.25s/it]
180it [12:39,  4.28s/it]
181it [12:43,  4.30s/it]
182it [12:47,  4.29s/it]
183it [12:52,  4.33s/it]
184it [12:56,  4.36s/it]
185it [13:00,  4.36s/it]
186it [13:05,  4.34s/it]
187it [13:09,  4.35s/it]
188it [13:13,  4.26s/it]
189it [13:18,  4.28s/it]
190it [13:22,  4.32s/it]
191it [13:26,  4.32s/it]
192it [13:31,  4.32s/it]
193it [13:35,  4.33s/it]
194it [13:39,  4.33s/it]
195it [13:44,  4.33s/it]
196it [13:48,  4.25s/it]
197it [13:52,  4.26s/it]
198it [13:56,  4.28s/it]
199it [14:00,  4.25s/it]
200it [14:05,  4.24s/it]
201it [14:09,  4.22s/it]
202it [14:13,  4.18s/it]
203it [14:17,  4.20s/it]
204it [14:22,  4.24s/it]
205it [14:26,  4.25s/it]
206it [14:30,  4.21s/it]
207it [14:34,  4.19s/it]
208it [14:38,  4.19s/it]
209it [14:42,  4.20s/it]
210it [14:47,  4.18s/it]
211it [14:51,  4.23s/it]
212it [14:55,  4.24s/it]
213it [15:00,  4.27s/it]
214it [15:04,  4.31s/it]
215it [15:08,  4.30s/it]
216it [15:13,  4.34s/it]
217it [15:17,  4.36s/it]
218it [15:21,  4.34s/it]
219it [15:26,  4.36s/it]
220it [15:30,  4.34s/it]
221it [15:34,  4.31s/it]
222it [15:39,  4.35s/it]
223it [15:43,  4.37s/it]
224it [15:48,  4.37s/it]
225it [15:52,  4.32s/it]
226it [15:56,  4.31s/it]
227it [16:00,  4.32s/it]
228it [16:05,  4.31s/it]
229it [16:09,  4.29s/it]
230it [16:13,  4.24s/it]
231it [16:17,  4.22s/it]
232it [16:21,  4.21s/it]
233it [16:26,  4.27s/it]
234it [16:30,  4.30s/it]
235it [16:35,  4.32s/it]
236it [16:39,  4.30s/it]
237it [16:43,  4.24s/it]
238it [16:47,  4.21s/it]
239it [16:51,  4.20s/it]
240it [16:55,  4.18s/it]
241it [17:00,  4.19s/it]
242it [17:04,  4.15s/it]
243it [17:08,  4.18s/it]
244it [17:12,  4.14s/it]
245it [17:16,  4.15s/it]
246it [17:20,  4.13s/it]
247it [17:24,  4.13s/it]
248it [17:28,  4.14s/it]
249it [17:33,  4.15s/it]
250it [17:37,  4.13s/it]
251it [17:41,  4.14s/it]
252it [17:45,  4.15s/it]
253it [17:49,  4.15s/it]
254it [17:53,  4.14s/it]
255it [17:57,  4.12s/it]
256it [18:02,  4.14s/it]
257it [18:07,  4.41s/it]
258it [18:11,  4.36s/it]
259it [18:16,  4.53s/it]
260it [18:20,  4.46s/it]
261it [18:24,  4.40s/it]
262it [18:28,  4.33s/it]
263it [18:33,  4.29s/it]
264it [18:37,  4.26s/it]
265it [18:41,  4.27s/it]
266it [18:45,  4.23s/it]
267it [18:49,  4.20s/it]
268it [18:54,  4.19s/it]
269it [18:58,  4.20s/it]
270it [19:02,  4.19s/it]
271it [19:06,  4.21s/it]
272it [19:10,  4.21s/it]
273it [19:15,  4.25s/it]
274it [19:19,  4.23s/it]
275it [19:23,  4.25s/it]
276it [19:28,  4.26s/it]
277it [19:32,  4.27s/it]
278it [19:36,  4.26s/it]
279it [19:40,  4.23s/it]
280it [19:44,  4.17s/it]
281it [19:48,  4.18s/it]
282it [19:53,  4.18s/it]
283it [19:57,  4.15s/it]
284it [20:01,  4.14s/it]
285it [20:05,  4.16s/it]
286it [20:09,  4.19s/it]
287it [20:14,  4.21s/it]
288it [20:18,  4.18s/it]
289it [20:22,  4.17s/it]
290it [20:26,  4.18s/it]
291it [20:30,  4.16s/it]
292it [20:34,  4.15s/it]
293it [20:38,  4.14s/it]
294it [20:43,  4.14s/it]
295it [20:47,  4.12s/it]
296it [20:51,  4.16s/it]
297it [20:55,  4.20s/it]
298it [20:59,  4.16s/it]
299it [21:03,  4.16s/it]
300it [21:07,  4.12s/it]
301it [21:12,  4.14s/it]
302it [21:16,  4.13s/it]
303it [21:20,  4.08s/it]
304it [21:24,  4.02s/it]
305it [21:28,  4.03s/it]
306it [21:32,  4.08s/it]
307it [21:36,  4.08s/it]
308it [21:40,  4.12s/it]
309it [21:44,  4.16s/it]
310it [21:48,  4.14s/it]
311it [21:53,  4.15s/it]
312it [21:57,  4.18s/it]
313it [22:01,  4.19s/it]
314it [22:05,  4.16s/it]
315it [22:09,  4.20s/it]
316it [22:14,  4.22s/it]
317it [22:18,  4.25s/it]
318it [22:22,  4.25s/it]
319it [22:27,  4.28s/it]
320it [22:31,  4.26s/it]
321it [22:35,  4.25s/it]
322it [22:39,  4.26s/it]
323it [22:44,  4.28s/it]
324it [22:48,  4.25s/it]
325it [22:52,  4.23s/it]
326it [22:56,  4.18s/it]
327it [23:00,  4.20s/it]
328it [23:05,  4.21s/it]
329it [23:09,  4.26s/it]
330it [23:13,  4.22s/it]
331it [23:17,  4.23s/it]
332it [23:22,  4.26s/it]
333it [23:26,  4.25s/it]
334it [23:30,  4.21s/it]
335it [23:34,  4.22s/it]
336it [23:38,  4.14s/it]
337it [23:42,  4.15s/it]
338it [23:47,  4.17s/it]
339it [23:51,  4.16s/it]
340it [23:55,  4.13s/it]
341it [23:59,  4.13s/it]
342it [24:03,  4.14s/it]
343it [24:07,  4.18s/it]
344it [24:12,  4.18s/it]
345it [24:16,  4.19s/it]
346it [24:20,  4.20s/it]
347it [24:24,  4.19s/it]
348it [24:28,  4.20s/it]
349it [24:33,  4.23s/it]
350it [24:37,  4.19s/it]
351it [24:41,  4.18s/it]
352it [24:45,  4.19s/it]
353it [24:49,  4.22s/it]
354it [24:54,  4.20s/it]
355it [24:58,  4.21s/it]
356it [25:02,  4.24s/it]
357it [25:07,  4.32s/it]
358it [25:11,  4.34s/it]
359it [25:15,  4.32s/it]
360it [25:20,  4.29s/it]
361it [25:24,  4.29s/it]
362it [25:28,  4.29s/it]
363it [25:32,  4.30s/it]
364it [25:37,  4.28s/it]
365it [25:41,  4.29s/it]
366it [25:45,  4.29s/it]
367it [25:50,  4.31s/it]
368it [25:54,  4.29s/it]
369it [25:58,  4.29s/it]
370it [26:02,  4.26s/it]
371it [26:07,  4.25s/it]
372it [26:11,  4.24s/it]
373it [26:15,  4.20s/it]
374it [26:19,  4.23s/it]
375it [26:24,  4.27s/it]
376it [26:28,  4.29s/it]
377it [26:32,  4.30s/it]
378it [26:36,  4.09s/it]
378it [26:36,  4.22s/it]

  0%|          | 0/48 [00:00<?, ?it/s]
  2%|▏         | 1/48 [00:04<03:22,  4.31s/it]
  4%|▍         | 2/48 [00:08<03:14,  4.23s/it]
  6%|▋         | 3/48 [00:12<03:08,  4.20s/it]
  8%|▊         | 4/48 [00:16<03:05,  4.21s/it]
 10%|█         | 5/48 [00:21<03:00,  4.20s/it]
 12%|█▎        | 6/48 [00:25<02:55,  4.17s/it]
 15%|█▍        | 7/48 [00:29<02:51,  4.18s/it]
 17%|█▋        | 8/48 [00:33<02:46,  4.17s/it]
 19%|█▉        | 9/48 [00:37<02:41,  4.15s/it]
 21%|██        | 10/48 [00:41<02:36,  4.12s/it]
 23%|██▎       | 11/48 [00:45<02:32,  4.11s/it]
 25%|██▌       | 12/48 [00:49<02:29,  4.15s/it]
 27%|██▋       | 13/48 [00:54<02:26,  4.18s/it]
 29%|██▉       | 14/48 [00:58<02:23,  4.21s/it]
 31%|███▏      | 15/48 [01:02<02:17,  4.16s/it]
 33%|███▎      | 16/48 [01:06<02:13,  4.16s/it]
 35%|███▌      | 17/48 [01:10<02:08,  4.16s/it]
 38%|███▊      | 18/48 [01:15<02:05,  4.17s/it]
 40%|███▉      | 19/48 [01:19<02:01,  4.18s/it]
 42%|████▏     | 20/48 [01:23<01:58,  4.22s/it]
 44%|████▍     | 21/48 [01:27<01:54,  4.25s/it]
 46%|████▌     | 22/48 [01:32<01:49,  4.23s/it]
 48%|████▊     | 23/48 [01:36<01:45,  4.23s/it]
 50%|█████     | 24/48 [01:40<01:41,  4.23s/it]
 52%|█████▏    | 25/48 [01:44<01:36,  4.21s/it]
 54%|█████▍    | 26/48 [01:48<01:31,  4.18s/it]
 56%|█████▋    | 27/48 [01:53<01:28,  4.22s/it]
 58%|█████▊    | 28/48 [01:57<01:24,  4.24s/it]
 60%|██████    | 29/48 [02:01<01:20,  4.24s/it]
 62%|██████▎   | 30/48 [02:05<01:16,  4.26s/it]
 65%|██████▍   | 31/48 [02:10<01:12,  4.28s/it]
 67%|██████▋   | 32/48 [02:14<01:08,  4.28s/it]
 69%|██████▉   | 33/48 [02:18<01:04,  4.27s/it]
 71%|███████   | 34/48 [02:22<00:59,  4.24s/it]
 73%|███████▎  | 35/48 [02:27<00:55,  4.24s/it]
 75%|███████▌  | 36/48 [02:31<00:50,  4.23s/it]
 77%|███████▋  | 37/48 [02:35<00:46,  4.25s/it]
 79%|███████▉  | 38/48 [02:39<00:42,  4.22s/it]
 81%|████████▏ | 39/48 [02:43<00:37,  4.19s/it]
 83%|████████▎ | 40/48 [02:48<00:33,  4.16s/it]
 85%|████████▌ | 41/48 [02:52<00:29,  4.20s/it]
 88%|████████▊ | 42/48 [02:56<00:24,  4.16s/it]
 90%|████████▉ | 43/48 [03:00<00:20,  4.13s/it]
 92%|█████████▏| 44/48 [03:04<00:16,  4.13s/it]
 94%|█████████▍| 45/48 [03:08<00:12,  4.10s/it]
 96%|█████████▌| 46/48 [03:12<00:08,  4.10s/it]
 98%|█████████▊| 47/48 [03:16<00:04,  4.10s/it]
100%|██████████| 48/48 [03:17<00:00,  3.17s/it]
100%|██████████| 48/48 [03:17<00:00,  4.12s/it]
Epoch: 20/20, Val_Acc: 82.46774727092293
Model and weights saved.

  0%|          | 0/48 [00:00<?, ?it/s]
  2%|▏         | 1/48 [00:04<03:15,  4.16s/it]
  4%|▍         | 2/48 [00:08<03:12,  4.18s/it]
  6%|▋         | 3/48 [00:12<03:08,  4.18s/it]
  8%|▊         | 4/48 [00:16<03:03,  4.18s/it]
 10%|█         | 5/48 [00:20<03:01,  4.22s/it]
 12%|█▎        | 6/48 [00:25<02:56,  4.20s/it]
 15%|█▍        | 7/48 [00:29<02:52,  4.22s/it]
 17%|█▋        | 8/48 [00:33<02:48,  4.20s/it]
 19%|█▉        | 9/48 [00:37<02:43,  4.19s/it]
 21%|██        | 10/48 [00:42<02:41,  4.24s/it]
 23%|██▎       | 11/48 [00:46<02:37,  4.24s/it]
 25%|██▌       | 12/48 [00:50<02:32,  4.24s/it]
 27%|██▋       | 13/48 [00:54<02:28,  4.24s/it]
 29%|██▉       | 14/48 [00:59<02:25,  4.27s/it]
 31%|███▏      | 15/48 [01:03<02:21,  4.28s/it]
 33%|███▎      | 16/48 [01:07<02:17,  4.31s/it]
 35%|███▌      | 17/48 [01:12<02:14,  4.32s/it]
 38%|███▊      | 18/48 [01:16<02:09,  4.33s/it]
 40%|███▉      | 19/48 [01:20<02:05,  4.34s/it]
 42%|████▏     | 20/48 [01:25<02:01,  4.35s/it]
 44%|████▍     | 21/48 [01:29<01:57,  4.35s/it]
 46%|████▌     | 22/48 [01:33<01:52,  4.34s/it]
 48%|████▊     | 23/48 [01:38<01:48,  4.33s/it]
 50%|█████     | 24/48 [01:42<01:44,  4.34s/it]
 52%|█████▏    | 25/48 [01:46<01:39,  4.33s/it]
 54%|█████▍    | 26/48 [01:51<01:35,  4.33s/it]
 56%|█████▋    | 27/48 [01:55<01:31,  4.34s/it]
 58%|█████▊    | 28/48 [01:59<01:26,  4.34s/it]
 60%|██████    | 29/48 [02:04<01:22,  4.33s/it]
 62%|██████▎   | 30/48 [02:08<01:17,  4.30s/it]
 65%|██████▍   | 31/48 [02:12<01:11,  4.22s/it]
 67%|██████▋   | 32/48 [02:16<01:07,  4.21s/it]
 69%|██████▉   | 33/48 [02:20<01:02,  4.19s/it]
 71%|███████   | 34/48 [02:25<00:58,  4.20s/it]
 73%|███████▎  | 35/48 [02:29<00:54,  4.21s/it]
 75%|███████▌  | 36/48 [02:33<00:50,  4.18s/it]
 77%|███████▋  | 37/48 [02:37<00:45,  4.17s/it]
 79%|███████▉  | 38/48 [02:41<00:42,  4.20s/it]
 81%|████████▏ | 39/48 [02:46<00:38,  4.23s/it]
 83%|████████▎ | 40/48 [02:50<00:33,  4.24s/it]
 85%|████████▌ | 41/48 [02:54<00:29,  4.25s/it]
 88%|████████▊ | 42/48 [02:58<00:25,  4.27s/it]
 90%|████████▉ | 43/48 [03:03<00:21,  4.27s/it]
 92%|█████████▏| 44/48 [03:07<00:16,  4.25s/it]
 94%|█████████▍| 45/48 [03:11<00:12,  4.23s/it]
 96%|█████████▌| 46/48 [03:15<00:08,  4.21s/it]
 98%|█████████▊| 47/48 [03:20<00:04,  4.24s/it]
100%|██████████| 48/48 [03:21<00:00,  3.26s/it]
100%|██████████| 48/48 [03:21<00:00,  4.19s/it]
Test_Acc: 81.8723122725769
AUC: 0.8826

There: 0.94 

Ours: 0.8826, no optimsation till now


